evaluation,method,instance
MPS,FAAer_opt.json,000_40nodes_erdosrenyi20percent.json
MPS,FAAer_opt.json,001_40nodes_erdosrenyi20percent.json
MPS,FAAer_opt.json,002_40nodes_erdosrenyi20percent.json
MPS,FAAer_opt.json,003_40nodes_erdosrenyi20percent.json
MPS,FAAer_opt.json,004_40nodes_erdosrenyi20percent.json
MPS,FAAer_opt.json,005_40nodes_erdosrenyi20percent.json
MPS,FAAer_opt.json,006_40nodes_erdosrenyi20percent.json
MPS,FAAer_opt.json,007_40nodes_erdosrenyi20percent.json
MPS,FAAer_opt.json,008_40nodes_erdosrenyi20percent.json
MPS,FAAer_opt.json,009_40nodes_erdosrenyi20percent.json
MPS,FAAer_opt.json,000_4_1_heavyhex_39nodes_weighted.json
MPS,FAAer_opt.json,001_4_1_heavyhex_39nodes_weighted.json
MPS,FAAer_opt.json,002_4_1_heavyhex_39nodes_weighted.json
MPS,FAAer_opt.json,003_4_1_heavyhex_39nodes_weighted.json
MPS,FAAer_opt.json,004_4_1_heavyhex_39nodes_weighted.json
MPS,FAAer_opt.json,005_4_1_heavyhex_39nodes_weighted.json
MPS,FAAer_opt.json,006_4_1_heavyhex_39nodes_weighted.json
MPS,FAAer_opt.json,007_4_1_heavyhex_39nodes_weighted.json
MPS,FAAer_opt.json,008_4_1_heavyhex_39nodes_weighted.json
MPS,FAAer_opt.json,009_4_1_heavyhex_39nodes_weighted.json
MPS,FAer.json,000_100nodes_0swap_layers.json
MPS,FAer.json,000_100nodes_1swap_layers.json
MPS,FAer.json,000_100nodes_3swap_layers.json
MPS,FAer.json,000_100nodes_4swap_layers.json
MPS,FAer.json,000_40nodes_12swap_layers.json
MPS,FAer.json,000_40nodes_8swap_layers.json
MPS,FAer.json,001_100nodes_0swap_layers.json
MPS,FAer.json,001_100nodes_1swap_layers.json
MPS,FAer.json,001_100nodes_3swap_layers.json
MPS,FAer.json,001_100nodes_4swap_layers.json
MPS,FAer.json,001_40nodes_12swap_layers.json
MPS,FAer.json,001_40nodes_8swap_layers.json
MPS,FAer.json,002_100nodes_0swap_layers.json
MPS,FAer.json,002_100nodes_1swap_layers.json
MPS,FAer.json,002_100nodes_3swap_layers.json
MPS,FAer.json,002_100nodes_4swap_layers.json
MPS,FAer.json,002_40nodes_12swap_layers.json
MPS,FAer.json,002_40nodes_8swap_layers.json
MPS,FAer.json,003_100nodes_0swap_layers.json
MPS,FAer.json,003_100nodes_1swap_layers.json
MPS,FAer.json,003_40nodes_12swap_layers.json
MPS,FAer.json,003_40nodes_8swap_layers.json
MPS,FAer.json,004_40nodes_12swap_layers.json
MPS,FAer.json,004_40nodes_8swap_layers.json
MPS,FAer.json,005_40nodes_12swap_layers.json
MPS,FAer.json,005_40nodes_8swap_layers.json
MPS,FAer.json,006_40nodes_12swap_layers.json
MPS,FAer.json,006_40nodes_8swap_layers.json
MPS,FAer.json,007_40nodes_12swap_layers.json
MPS,FAer.json,007_40nodes_8swap_layers.json
MPS,FAer.json,008_40nodes_12swap_layers.json
MPS,FAer.json,008_40nodes_8swap_layers.json
MPS,FAer.json,009_40nodes_12swap_layers.json
MPS,FAer.json,009_40nodes_8swap_layers.json
MPS,TQAAer_opt.json,000_100nodes_0swap_layers.json
MPS,TQAAer_opt.json,000_100nodes_1swap_layers.json
MPS,TQAAer_opt.json,000_100nodes_3swap_layers.json
MPS,TQAAer_opt.json,000_100nodes_4swap_layers.json
MPS,TQAAer_opt.json,000_40nodes_12swap_layers.json
MPS,TQAAer_opt.json,000_40nodes_8swap_layers.json
MPS,TQAAer_opt.json,001_100nodes_0swap_layers.json
MPS,TQAAer_opt.json,001_100nodes_1swap_layers.json
MPS,TQAAer_opt.json,001_100nodes_3swap_layers.json
MPS,TQAAer_opt.json,001_100nodes_4swap_layers.json
MPS,TQAAer_opt.json,001_40nodes_12swap_layers.json
MPS,TQAAer_opt.json,001_40nodes_8swap_layers.json
MPS,TQAAer_opt.json,002_100nodes_0swap_layers.json
MPS,TQAAer_opt.json,002_100nodes_1swap_layers.json
MPS,TQAAer_opt.json,002_100nodes_3swap_layers.json
MPS,TQAAer_opt.json,002_100nodes_4swap_layers.json
MPS,TQAAer_opt.json,002_40nodes_12swap_layers.json
MPS,TQAAer_opt.json,002_40nodes_8swap_layers.json
MPS,TQAAer_opt.json,003_100nodes_0swap_layers.json
MPS,TQAAer_opt.json,003_100nodes_1swap_layers.json
MPS,TQAAer_opt.json,003_40nodes_12swap_layers.json
MPS,TQAAer_opt.json,003_40nodes_8swap_layers.json
MPS,TQAAer_opt.json,004_40nodes_12swap_layers.json
MPS,TQAAer_opt.json,004_40nodes_8swap_layers.json
MPS,TQAAer_opt.json,005_40nodes_12swap_layers.json
MPS,TQAAer_opt.json,005_40nodes_8swap_layers.json
MPS,TQAAer_opt.json,006_40nodes_12swap_layers.json
MPS,TQAAer_opt.json,006_40nodes_8swap_layers.json
MPS,TQAAer_opt.json,007_40nodes_12swap_layers.json
MPS,TQAAer_opt.json,007_40nodes_8swap_layers.json
MPS,TQAAer_opt.json,008_40nodes_12swap_layers.json
MPS,TQAAer_opt.json,008_40nodes_8swap_layers.json
MPS,TQAAer_opt.json,009_40nodes_12swap_layers.json
MPS,TQAAer_opt.json,009_40nodes_8swap_layers.json
MPS,FAAer_opt.json,000_100nodes_0swap_layers.json
MPS,FAAer_opt.json,000_100nodes_1swap_layers.json
MPS,FAAer_opt.json,000_100nodes_3swap_layers.json
MPS,FAAer_opt.json,000_100nodes_4swap_layers.json
MPS,FAAer_opt.json,000_40nodes_12swap_layers.json
MPS,FAAer_opt.json,000_40nodes_8swap_layers.json
MPS,FAAer_opt.json,001_100nodes_0swap_layers.json
MPS,FAAer_opt.json,001_100nodes_1swap_layers.json
MPS,FAAer_opt.json,001_100nodes_3swap_layers.json
MPS,FAAer_opt.json,001_100nodes_4swap_layers.json
MPS,FAAer_opt.json,001_40nodes_12swap_layers.json
MPS,FAAer_opt.json,001_40nodes_8swap_layers.json
MPS,FAAer_opt.json,002_100nodes_0swap_layers.json
MPS,FAAer_opt.json,002_100nodes_1swap_layers.json
MPS,FAAer_opt.json,002_100nodes_3swap_layers.json
MPS,FAAer_opt.json,002_100nodes_4swap_layers.json
MPS,FAAer_opt.json,002_40nodes_12swap_layers.json
MPS,FAAer_opt.json,002_40nodes_8swap_layers.json
MPS,FAAer_opt.json,003_100nodes_0swap_layers.json
MPS,FAAer_opt.json,003_100nodes_1swap_layers.json
MPS,FAAer_opt.json,003_40nodes_12swap_layers.json
MPS,FAAer_opt.json,003_40nodes_8swap_layers.json
MPS,FAAer_opt.json,004_40nodes_12swap_layers.json
MPS,FAAer_opt.json,004_40nodes_8swap_layers.json
MPS,FAAer_opt.json,005_40nodes_12swap_layers.json
MPS,FAAer_opt.json,005_40nodes_8swap_layers.json
MPS,FAAer_opt.json,006_40nodes_12swap_layers.json
MPS,FAAer_opt.json,006_40nodes_8swap_layers.json
MPS,FAAer_opt.json,007_40nodes_12swap_layers.json
MPS,FAAer_opt.json,007_40nodes_8swap_layers.json
MPS,FAAer_opt.json,008_40nodes_12swap_layers.json
MPS,FAAer_opt.json,008_40nodes_8swap_layers.json
MPS,FAAer_opt.json,009_40nodes_12swap_layers.json
MPS,FAAer_opt.json,009_40nodes_8swap_layers.json
MPS,IAer.json,000_100nodes_0swap_layers.json
MPS,IAer.json,000_100nodes_1swap_layers.json
MPS,IAer.json,000_100nodes_3swap_layers.json
MPS,IAer.json,000_100nodes_4swap_layers.json
MPS,IAer.json,000_40nodes_12swap_layers.json
MPS,IAer.json,000_40nodes_8swap_layers.json
MPS,IAer.json,001_100nodes_0swap_layers.json
MPS,IAer.json,001_100nodes_1swap_layers.json
MPS,IAer.json,001_100nodes_3swap_layers.json
MPS,IAer.json,001_100nodes_4swap_layers.json
MPS,IAer.json,001_40nodes_12swap_layers.json
MPS,IAer.json,001_40nodes_8swap_layers.json
MPS,IAer.json,002_100nodes_0swap_layers.json
MPS,IAer.json,002_100nodes_1swap_layers.json
MPS,IAer.json,002_100nodes_3swap_layers.json
MPS,IAer.json,002_100nodes_4swap_layers.json
MPS,IAer.json,002_40nodes_12swap_layers.json
MPS,IAer.json,002_40nodes_8swap_layers.json
MPS,IAer.json,003_100nodes_0swap_layers.json
MPS,IAer.json,003_100nodes_1swap_layers.json
MPS,IAer.json,003_40nodes_12swap_layers.json
MPS,IAer.json,003_40nodes_8swap_layers.json
MPS,IAer.json,004_40nodes_12swap_layers.json
MPS,IAer.json,004_40nodes_8swap_layers.json
MPS,IAer.json,005_40nodes_12swap_layers.json
MPS,IAer.json,005_40nodes_8swap_layers.json
MPS,IAer.json,006_40nodes_12swap_layers.json
MPS,IAer.json,006_40nodes_8swap_layers.json
MPS,IAer.json,007_40nodes_12swap_layers.json
MPS,IAer.json,007_40nodes_8swap_layers.json
MPS,IAer.json,008_40nodes_12swap_layers.json
MPS,IAer.json,008_40nodes_8swap_layers.json
MPS,IAer.json,009_40nodes_12swap_layers.json
MPS,IAer.json,009_40nodes_8swap_layers.json
PP,LR_opt.json,000_50nodes_erdosrenyi20percent.json
PP,LR_opt.json,001_50nodes_erdosrenyi20percent.json
PP,LR_opt.json,002_50nodes_erdosrenyi20percent.json
PP,LR_opt.json,003_50nodes_erdosrenyi20percent.json
PP,LR_opt.json,004_50nodes_erdosrenyi20percent.json
PP,LR_opt.json,005_50nodes_erdosrenyi20percent.json
PP,LR_opt.json,006_50nodes_erdosrenyi20percent.json
PP,LR_opt.json,007_50nodes_erdosrenyi20percent.json
PP,LR_opt.json,008_50nodes_erdosrenyi20percent.json
PP,LR_opt.json,009_50nodes_erdosrenyi20percent.json
PP,FA_opt.json,000_40nodes_erdosrenyi20percent.json
PP,FA_opt.json,000_50nodes_erdosrenyi20percent.json
PP,FA_opt.json,001_40nodes_erdosrenyi20percent.json
PP,FA_opt.json,001_50nodes_erdosrenyi20percent.json
PP,FA_opt.json,002_40nodes_erdosrenyi20percent.json
PP,FA_opt.json,002_50nodes_erdosrenyi20percent.json
PP,FA_opt.json,003_40nodes_erdosrenyi20percent.json
PP,FA_opt.json,003_50nodes_erdosrenyi20percent.json
PP,FA_opt.json,004_40nodes_erdosrenyi20percent.json
PP,FA_opt.json,004_50nodes_erdosrenyi20percent.json
PP,FA_opt.json,005_40nodes_erdosrenyi20percent.json
PP,FA_opt.json,005_50nodes_erdosrenyi20percent.json
PP,FA_opt.json,006_40nodes_erdosrenyi20percent.json
PP,FA_opt.json,006_50nodes_erdosrenyi20percent.json
PP,FA_opt.json,007_40nodes_erdosrenyi20percent.json
PP,FA_opt.json,007_50nodes_erdosrenyi20percent.json
PP,FA_opt.json,008_40nodes_erdosrenyi20percent.json
PP,FA_opt.json,008_50nodes_erdosrenyi20percent.json
PP,FA_opt.json,009_40nodes_erdosrenyi20percent.json
PP,FA_opt.json,009_50nodes_erdosrenyi20percent.json
PP,LR_opt.json,000_7_2_heavyhex_105nodes_weighted.json
PP,LR_opt.json,001_7_2_heavyhex_105nodes_weighted.json
PP,LR_opt.json,002_7_2_heavyhex_105nodes_weighted.json
PP,LR_opt.json,003_7_2_heavyhex_105nodes_weighted.json
PP,LR_opt.json,004_7_2_heavyhex_105nodes_weighted.json
PP,LR_opt.json,005_7_2_heavyhex_105nodes_weighted.json
PP,LR_opt.json,006_7_2_heavyhex_105nodes_weighted.json
PP,LR_opt.json,007_7_2_heavyhex_105nodes_weighted.json
PP,LR_opt.json,008_7_2_heavyhex_105nodes_weighted.json
PP,LR_opt.json,009_7_2_heavyhex_105nodes_weighted.json
PP,FA_opt.json,000_4_1_heavyhex_39nodes_weighted.json
PP,FA_opt.json,000_7_2_heavyhex_105nodes_weighted.json
PP,FA_opt.json,001_4_1_heavyhex_39nodes_weighted.json
PP,FA_opt.json,001_7_2_heavyhex_105nodes_weighted.json
PP,FA_opt.json,002_4_1_heavyhex_39nodes_weighted.json
PP,FA_opt.json,002_7_2_heavyhex_105nodes_weighted.json
PP,FA_opt.json,003_4_1_heavyhex_39nodes_weighted.json
PP,FA_opt.json,003_7_2_heavyhex_105nodes_weighted.json
PP,FA_opt.json,004_4_1_heavyhex_39nodes_weighted.json
PP,FA_opt.json,004_7_2_heavyhex_105nodes_weighted.json
PP,FA_opt.json,005_4_1_heavyhex_39nodes_weighted.json
PP,FA_opt.json,005_7_2_heavyhex_105nodes_weighted.json
PP,FA_opt.json,006_4_1_heavyhex_39nodes_weighted.json
PP,FA_opt.json,006_7_2_heavyhex_105nodes_weighted.json
PP,FA_opt.json,007_4_1_heavyhex_39nodes_weighted.json
PP,FA_opt.json,007_7_2_heavyhex_105nodes_weighted.json
PP,FA_opt.json,008_4_1_heavyhex_39nodes_weighted.json
PP,FA_opt.json,008_7_2_heavyhex_105nodes_weighted.json
PP,FA_opt.json,009_4_1_heavyhex_39nodes_weighted.json
PP,FA_opt.json,009_7_2_heavyhex_105nodes_weighted.json
PP,LR_opt.json,000_100nodes_3swap_layers.json
PP,LR_opt.json,000_40nodes_8swap_layers.json
PP,LR_opt.json,001_100nodes_3swap_layers.json
PP,LR_opt.json,002_100nodes_3swap_layers.json
PP,LR_opt.json,003_100nodes_3swap_layers.json
PP,LR_opt.json,004_100nodes_3swap_layers.json
PP,LR_opt.json,005_100nodes_3swap_layers.json
PP,LR_opt.json,006_100nodes_3swap_layers.json
PP,LR_opt.json,007_100nodes_3swap_layers.json
PP,LR_opt.json,008_100nodes_3swap_layers.json
PP,LR_opt.json,009_100nodes_3swap_layers.json
PP,FA_opt.json,000_100nodes_0swap_layers.json
PP,FA_opt.json,000_100nodes_10swap_layers.json
PP,FA_opt.json,000_100nodes_2swap_layers.json
PP,FA_opt.json,000_100nodes_3swap_layers.json
PP,FA_opt.json,000_100nodes_4swap_layers.json
PP,FA_opt.json,000_100nodes_5swap_layers.json
PP,FA_opt.json,000_100nodes_6swap_layers.json
PP,FA_opt.json,000_100nodes_7swap_layers.json
PP,FA_opt.json,000_100nodes_8swap_layers.json
PP,FA_opt.json,000_100nodes_9swap_layers.json
PP,FA_opt.json,000_40nodes_8swap_layers.json
PP,FA_opt.json,001_100nodes_0swap_layers.json
PP,FA_opt.json,001_100nodes_10swap_layers.json
PP,FA_opt.json,001_100nodes_2swap_layers.json
PP,FA_opt.json,001_100nodes_3swap_layers.json
PP,FA_opt.json,001_100nodes_4swap_layers.json
PP,FA_opt.json,001_100nodes_5swap_layers.json
PP,FA_opt.json,001_100nodes_6swap_layers.json
PP,FA_opt.json,001_100nodes_7swap_layers.json
PP,FA_opt.json,001_100nodes_8swap_layers.json
PP,FA_opt.json,001_100nodes_9swap_layers.json
PP,FA_opt.json,002_100nodes_0swap_layers.json
PP,FA_opt.json,002_100nodes_10swap_layers.json
PP,FA_opt.json,002_100nodes_2swap_layers.json
PP,FA_opt.json,002_100nodes_3swap_layers.json
PP,FA_opt.json,002_100nodes_4swap_layers.json
PP,FA_opt.json,002_100nodes_5swap_layers.json
PP,FA_opt.json,002_100nodes_6swap_layers.json
PP,FA_opt.json,002_100nodes_7swap_layers.json
PP,FA_opt.json,002_100nodes_8swap_layers.json
PP,FA_opt.json,002_100nodes_9swap_layers.json
PP,FA_opt.json,003_100nodes_0swap_layers.json
PP,FA_opt.json,003_100nodes_10swap_layers.json
PP,FA_opt.json,003_100nodes_2swap_layers.json
PP,FA_opt.json,003_100nodes_3swap_layers.json
PP,FA_opt.json,003_100nodes_4swap_layers.json
PP,FA_opt.json,003_100nodes_5swap_layers.json
PP,FA_opt.json,003_100nodes_6swap_layers.json
PP,FA_opt.json,003_100nodes_7swap_layers.json
PP,FA_opt.json,003_100nodes_8swap_layers.json
PP,FA_opt.json,003_100nodes_9swap_layers.json
PP,FA_opt.json,004_100nodes_0swap_layers.json
PP,FA_opt.json,004_100nodes_10swap_layers.json
PP,FA_opt.json,004_100nodes_2swap_layers.json
PP,FA_opt.json,004_100nodes_3swap_layers.json
PP,FA_opt.json,004_100nodes_4swap_layers.json
PP,FA_opt.json,004_100nodes_5swap_layers.json
PP,FA_opt.json,004_100nodes_6swap_layers.json
PP,FA_opt.json,004_100nodes_7swap_layers.json
PP,FA_opt.json,004_100nodes_8swap_layers.json
PP,FA_opt.json,004_100nodes_9swap_layers.json
PP,FA_opt.json,005_100nodes_0swap_layers.json
PP,FA_opt.json,005_100nodes_10swap_layers.json
PP,FA_opt.json,005_100nodes_2swap_layers.json
PP,FA_opt.json,005_100nodes_3swap_layers.json
PP,FA_opt.json,005_100nodes_4swap_layers.json
PP,FA_opt.json,005_100nodes_5swap_layers.json
PP,FA_opt.json,005_100nodes_6swap_layers.json
PP,FA_opt.json,005_100nodes_7swap_layers.json
PP,FA_opt.json,005_100nodes_8swap_layers.json
PP,FA_opt.json,005_100nodes_9swap_layers.json
PP,FA_opt.json,006_100nodes_0swap_layers.json
PP,FA_opt.json,006_100nodes_10swap_layers.json
PP,FA_opt.json,006_100nodes_2swap_layers.json
PP,FA_opt.json,006_100nodes_3swap_layers.json
PP,FA_opt.json,006_100nodes_4swap_layers.json
PP,FA_opt.json,006_100nodes_5swap_layers.json
PP,FA_opt.json,006_100nodes_6swap_layers.json
PP,FA_opt.json,006_100nodes_7swap_layers.json
PP,FA_opt.json,006_100nodes_8swap_layers.json
PP,FA_opt.json,006_100nodes_9swap_layers.json
PP,FA_opt.json,007_100nodes_0swap_layers.json
PP,FA_opt.json,007_100nodes_10swap_layers.json
PP,FA_opt.json,007_100nodes_2swap_layers.json
PP,FA_opt.json,007_100nodes_3swap_layers.json
PP,FA_opt.json,007_100nodes_4swap_layers.json
PP,FA_opt.json,007_100nodes_5swap_layers.json
PP,FA_opt.json,007_100nodes_6swap_layers.json
PP,FA_opt.json,007_100nodes_7swap_layers.json
PP,FA_opt.json,007_100nodes_8swap_layers.json
PP,FA_opt.json,007_100nodes_9swap_layers.json
PP,FA_opt.json,008_100nodes_0swap_layers.json
PP,FA_opt.json,008_100nodes_10swap_layers.json
PP,FA_opt.json,008_100nodes_2swap_layers.json
PP,FA_opt.json,008_100nodes_3swap_layers.json
PP,FA_opt.json,008_100nodes_4swap_layers.json
PP,FA_opt.json,008_100nodes_5swap_layers.json
PP,FA_opt.json,008_100nodes_6swap_layers.json
PP,FA_opt.json,008_100nodes_7swap_layers.json
PP,FA_opt.json,008_100nodes_8swap_layers.json
PP,FA_opt.json,008_100nodes_9swap_layers.json
PP,FA_opt.json,009_100nodes_0swap_layers.json
PP,FA_opt.json,009_100nodes_10swap_layers.json
PP,FA_opt.json,009_100nodes_2swap_layers.json
PP,FA_opt.json,009_100nodes_3swap_layers.json
PP,FA_opt.json,009_100nodes_4swap_layers.json
PP,FA_opt.json,009_100nodes_5swap_layers.json
PP,FA_opt.json,009_100nodes_6swap_layers.json
PP,FA_opt.json,009_100nodes_7swap_layers.json
PP,FA_opt.json,009_100nodes_8swap_layers.json
PP,FA_opt.json,009_100nodes_9swap_layers.json
PP,LR_opt.json,000_100nodes_random3regular.json
SV,FA_opt.json,000_10nodes_erdosrenyi20percent.json
SV,FA_opt.json,000_10nodes_erdosrenyi30percent.json
SV,FA_opt.json,000_10nodes_erdosrenyi40percent.json
SV,FA_opt.json,000_10nodes_erdosrenyi50percent.json
SV,FA_opt.json,000_11nodes_erdosrenyi30percent.json
SV,FA_opt.json,000_11nodes_erdosrenyi50percent.json
SV,FA_opt.json,000_12nodes_erdosrenyi20percent.json
SV,FA_opt.json,000_12nodes_erdosrenyi30percent.json
SV,FA_opt.json,000_12nodes_erdosrenyi50percent.json
SV,FA_opt.json,000_13nodes_erdosrenyi30percent.json
SV,FA_opt.json,000_13nodes_erdosrenyi50percent.json
SV,FA_opt.json,000_14nodes_erdosrenyi20percent.json
SV,FA_opt.json,000_14nodes_erdosrenyi50percent.json
SV,FA_opt.json,000_15nodes_erdosrenyi20percent.json
SV,FA_opt.json,000_15nodes_erdosrenyi40percent.json
SV,FA_opt.json,000_15nodes_erdosrenyi50percent.json
SV,FA_opt.json,000_16nodes_erdosrenyi40percent.json
SV,FA_opt.json,000_16nodes_erdosrenyi50percent.json
SV,FA_opt.json,000_17nodes_erdosrenyi30percent.json
SV,FA_opt.json,000_17nodes_erdosrenyi40percent.json
SV,FA_opt.json,000_17nodes_erdosrenyi50percent.json
SV,FA_opt.json,000_18nodes_erdosrenyi20percent.json
SV,FA_opt.json,000_18nodes_erdosrenyi30percent.json
SV,FA_opt.json,000_18nodes_erdosrenyi40percent.json
SV,FA_opt.json,000_18nodes_erdosrenyi50percent.json
SV,FA_opt.json,000_19nodes_erdosrenyi20percent.json
SV,FA_opt.json,000_19nodes_erdosrenyi30percent.json
SV,FA_opt.json,000_20nodes_erdosrenyi20percent.json
SV,FA_opt.json,000_20nodes_erdosrenyi30percent.json
SV,FA_opt.json,000_20nodes_erdosrenyi40percent.json
SV,FA_opt.json,000_20nodes_erdosrenyi50percent.json
SV,FA_opt.json,001_10nodes_erdosrenyi20percent.json
SV,FA_opt.json,001_10nodes_erdosrenyi30percent.json
SV,FA_opt.json,001_10nodes_erdosrenyi40percent.json
SV,FA_opt.json,001_10nodes_erdosrenyi50percent.json
SV,FA_opt.json,001_11nodes_erdosrenyi40percent.json
SV,FA_opt.json,001_11nodes_erdosrenyi50percent.json
SV,FA_opt.json,001_12nodes_erdosrenyi20percent.json
SV,FA_opt.json,001_12nodes_erdosrenyi30percent.json
SV,FA_opt.json,001_12nodes_erdosrenyi40percent.json
SV,FA_opt.json,001_12nodes_erdosrenyi50percent.json
SV,FA_opt.json,001_13nodes_erdosrenyi20percent.json
SV,FA_opt.json,001_13nodes_erdosrenyi30percent.json
SV,FA_opt.json,001_13nodes_erdosrenyi40percent.json
SV,FA_opt.json,001_13nodes_erdosrenyi50percent.json
SV,FA_opt.json,001_14nodes_erdosrenyi40percent.json
SV,FA_opt.json,001_14nodes_erdosrenyi50percent.json
SV,FA_opt.json,001_15nodes_erdosrenyi20percent.json
SV,FA_opt.json,001_15nodes_erdosrenyi30percent.json
SV,FA_opt.json,001_15nodes_erdosrenyi40percent.json
SV,FA_opt.json,001_15nodes_erdosrenyi50percent.json
SV,FA_opt.json,001_16nodes_erdosrenyi20percent.json
SV,FA_opt.json,001_16nodes_erdosrenyi30percent.json
SV,FA_opt.json,001_16nodes_erdosrenyi40percent.json
SV,FA_opt.json,001_16nodes_erdosrenyi50percent.json
SV,FA_opt.json,001_17nodes_erdosrenyi30percent.json
SV,FA_opt.json,001_17nodes_erdosrenyi40percent.json
SV,FA_opt.json,001_17nodes_erdosrenyi50percent.json
SV,FA_opt.json,001_18nodes_erdosrenyi20percent.json
SV,FA_opt.json,001_18nodes_erdosrenyi30percent.json
SV,FA_opt.json,001_18nodes_erdosrenyi40percent.json
SV,FA_opt.json,001_18nodes_erdosrenyi50percent.json
SV,FA_opt.json,001_19nodes_erdosrenyi20percent.json
SV,FA_opt.json,001_19nodes_erdosrenyi30percent.json
SV,FA_opt.json,001_19nodes_erdosrenyi40percent.json
SV,F.json,000_17nodes_erdosrenyi40percent.json
SV,F.json,000_17nodes_erdosrenyi50percent.json
SV,F.json,000_18nodes_erdosrenyi20percent.json
SV,F.json,000_18nodes_erdosrenyi30percent.json
SV,F.json,000_18nodes_erdosrenyi40percent.json
SV,F.json,000_18nodes_erdosrenyi50percent.json
SV,F.json,000_19nodes_erdosrenyi20percent.json
SV,F.json,000_19nodes_erdosrenyi30percent.json
SV,F.json,000_20nodes_erdosrenyi20percent.json
SV,F.json,000_20nodes_erdosrenyi30percent.json
SV,F.json,000_20nodes_erdosrenyi40percent.json
SV,F.json,000_20nodes_erdosrenyi50percent.json
SV,F.json,001_15nodes_erdosrenyi20percent.json
SV,F.json,001_15nodes_erdosrenyi30percent.json
SV,F.json,001_15nodes_erdosrenyi40percent.json
SV,F.json,001_15nodes_erdosrenyi50percent.json
SV,F.json,001_16nodes_erdosrenyi20percent.json
SV,F.json,001_16nodes_erdosrenyi30percent.json
SV,F.json,001_16nodes_erdosrenyi40percent.json
SV,F.json,001_16nodes_erdosrenyi50percent.json
SV,F.json,001_17nodes_erdosrenyi20percent.json
SV,F.json,001_17nodes_erdosrenyi30percent.json
SV,F.json,001_17nodes_erdosrenyi40percent.json
SV,F.json,001_17nodes_erdosrenyi50percent.json
SV,F.json,001_18nodes_erdosrenyi20percent.json
SV,F.json,001_18nodes_erdosrenyi30percent.json
SV,F.json,001_18nodes_erdosrenyi40percent.json
SV,F.json,001_18nodes_erdosrenyi50percent.json
SV,F.json,001_19nodes_erdosrenyi20percent.json
SV,F.json,001_19nodes_erdosrenyi30percent.json
SV,F.json,001_19nodes_erdosrenyi40percent.json
SV,TQA_opt.json,009_1_1_heavyhex_12nodes_weighted.json
SV,FA_opt.json,000_1_1_heavyhex_12nodes_weighted.json
SV,FA_opt.json,001_1_1_heavyhex_12nodes_weighted.json
SV,FA_opt.json,002_1_1_heavyhex_12nodes_weighted.json
SV,FA_opt.json,003_1_1_heavyhex_12nodes_weighted.json
SV,FA_opt.json,004_1_1_heavyhex_12nodes_weighted.json
SV,FA_opt.json,005_1_1_heavyhex_12nodes_weighted.json
SV,FA_opt.json,006_1_1_heavyhex_12nodes_weighted.json
SV,FA_opt.json,007_1_1_heavyhex_12nodes_weighted.json
SV,FA_opt.json,008_1_1_heavyhex_12nodes_weighted.json
SV,FA_opt.json,009_1_1_heavyhex_12nodes_weighted.json
SV,TQA_opt.json,001_16nodes_0swap_layers.json
SV,TQA_opt.json,001_16nodes_10swap_layers.json
SV,TQA_opt.json,001_16nodes_1swap_layers.json
SV,TQA_opt.json,001_16nodes_2swap_layers.json
SV,TQA_opt.json,001_16nodes_3swap_layers.json
SV,TQA_opt.json,001_16nodes_4swap_layers.json
SV,TQA_opt.json,001_16nodes_5swap_layers.json
SV,TQA_opt.json,001_16nodes_6swap_layers.json
SV,TQA_opt.json,001_16nodes_7swap_layers.json
SV,TQA_opt.json,001_16nodes_8swap_layers.json
SV,TQA_opt.json,001_16nodes_9swap_layers.json
SV,TQA_opt.json,001_17nodes_0swap_layers.json
SV,TQA_opt.json,001_17nodes_10swap_layers.json
SV,TQA_opt.json,001_17nodes_1swap_layers.json
SV,TQA_opt.json,001_17nodes_2swap_layers.json
SV,TQA_opt.json,001_17nodes_3swap_layers.json
SV,TQA_opt.json,001_17nodes_4swap_layers.json
SV,TQA_opt.json,001_17nodes_5swap_layers.json
SV,TQA_opt.json,001_17nodes_6swap_layers.json
SV,TQA_opt.json,001_17nodes_7swap_layers.json
SV,TQA_opt.json,001_17nodes_8swap_layers.json
SV,TQA_opt.json,001_17nodes_9swap_layers.json
SV,TQA_opt.json,001_18nodes_0swap_layers.json
SV,TQA_opt.json,001_18nodes_10swap_layers.json
SV,TQA_opt.json,001_18nodes_1swap_layers.json
SV,TQA_opt.json,001_18nodes_2swap_layers.json
SV,TQA_opt.json,001_18nodes_3swap_layers.json
SV,TQA_opt.json,001_18nodes_4swap_layers.json
SV,TQA_opt.json,001_18nodes_5swap_layers.json
SV,TQA_opt.json,001_18nodes_6swap_layers.json
SV,TQA_opt.json,001_18nodes_7swap_layers.json
SV,TQA_opt.json,001_18nodes_8swap_layers.json
SV,TQA_opt.json,001_18nodes_9swap_layers.json
SV,TQA_opt.json,001_19nodes_0swap_layers.json
SV,TQA_opt.json,001_19nodes_10swap_layers.json
SV,TQA_opt.json,001_19nodes_1swap_layers.json
SV,TQA_opt.json,001_19nodes_2swap_layers.json
SV,TQA_opt.json,001_19nodes_3swap_layers.json
SV,TQA_opt.json,001_19nodes_4swap_layers.json
SV,TQA_opt.json,001_19nodes_5swap_layers.json
SV,TQA_opt.json,001_19nodes_6swap_layers.json
SV,TQA_opt.json,001_19nodes_7swap_layers.json
SV,TQA_opt.json,001_19nodes_8swap_layers.json
SV,TQA_opt.json,001_19nodes_9swap_layers.json
SV,TQA_opt.json,001_20nodes_0swap_layers.json
SV,TQA_opt.json,001_20nodes_10swap_layers.json
SV,TQA_opt.json,001_20nodes_2swap_layers.json
SV,TQA_opt.json,001_20nodes_4swap_layers.json
SV,TQA_opt.json,001_20nodes_6swap_layers.json
SV,TQA_opt.json,001_20nodes_8swap_layers.json
SV,TQA_opt.json,002_15nodes_1swap_layers.json
SV,TQA_opt.json,002_15nodes_2swap_layers.json
SV,TQA_opt.json,002_15nodes_3swap_layers.json
SV,TQA_opt.json,002_15nodes_4swap_layers.json
SV,TQA_opt.json,002_15nodes_5swap_layers.json
SV,TQA_opt.json,002_15nodes_6swap_layers.json
SV,TQA_opt.json,002_15nodes_7swap_layers.json
SV,TQA_opt.json,002_15nodes_8swap_layers.json
SV,TQA_opt.json,002_15nodes_9swap_layers.json
SV,TQA_opt.json,002_16nodes_0swap_layers.json
SV,TQA_opt.json,002_16nodes_10swap_layers.json
SV,TQA_opt.json,002_16nodes_1swap_layers.json
SV,TQA_opt.json,002_16nodes_2swap_layers.json
SV,TQA_opt.json,002_16nodes_3swap_layers.json
SV,TQA_opt.json,002_16nodes_4swap_layers.json
SV,TQA_opt.json,002_16nodes_5swap_layers.json
SV,TQA_opt.json,002_16nodes_6swap_layers.json
SV,TQA_opt.json,002_16nodes_7swap_layers.json
SV,TQA_opt.json,002_16nodes_8swap_layers.json
SV,TQA_opt.json,002_16nodes_9swap_layers.json
SV,TQA_opt.json,002_17nodes_0swap_layers.json
SV,TQA_opt.json,002_17nodes_10swap_layers.json
SV,TQA_opt.json,002_17nodes_1swap_layers.json
SV,TQA_opt.json,002_17nodes_2swap_layers.json
SV,TQA_opt.json,002_17nodes_3swap_layers.json
SV,TQA_opt.json,002_17nodes_4swap_layers.json
SV,TQA_opt.json,002_17nodes_5swap_layers.json
SV,TQA_opt.json,002_17nodes_6swap_layers.json
SV,TQA_opt.json,002_17nodes_7swap_layers.json
SV,TQA_opt.json,002_17nodes_8swap_layers.json
SV,TQA_opt.json,002_17nodes_9swap_layers.json
SV,TQA_opt.json,002_18nodes_0swap_layers.json
SV,TQA_opt.json,002_18nodes_10swap_layers.json
SV,TQA_opt.json,002_18nodes_1swap_layers.json
SV,TQA_opt.json,002_18nodes_2swap_layers.json
SV,TQA_opt.json,002_18nodes_3swap_layers.json
SV,TQA_opt.json,002_18nodes_4swap_layers.json
SV,TQA_opt.json,002_18nodes_5swap_layers.json
SV,TQA_opt.json,002_18nodes_6swap_layers.json
SV,TQA_opt.json,002_18nodes_7swap_layers.json
SV,TQA_opt.json,002_18nodes_8swap_layers.json
SV,TQA_opt.json,002_18nodes_9swap_layers.json
SV,TQA_opt.json,002_19nodes_0swap_layers.json
SV,TQA_opt.json,002_19nodes_10swap_layers.json
SV,TQA_opt.json,002_19nodes_1swap_layers.json
SV,TQA_opt.json,002_19nodes_2swap_layers.json
SV,TQA_opt.json,002_19nodes_3swap_layers.json
SV,TQA_opt.json,002_19nodes_4swap_layers.json
SV,TQA_opt.json,002_19nodes_5swap_layers.json
SV,TQA_opt.json,002_19nodes_6swap_layers.json
SV,TQA_opt.json,002_19nodes_7swap_layers.json
SV,TQA_opt.json,002_19nodes_8swap_layers.json
SV,TQA_opt.json,002_19nodes_9swap_layers.json
SV,TQA_opt.json,002_20nodes_0swap_layers.json
SV,TQA_opt.json,002_20nodes_10swap_layers.json
SV,TQA_opt.json,002_20nodes_2swap_layers.json
SV,TQA_opt.json,002_20nodes_4swap_layers.json
SV,TQA_opt.json,002_20nodes_6swap_layers.json
SV,TQA_opt.json,002_20nodes_8swap_layers.json
SV,FA_opt.json,001_10nodes_0swap_layers.json
SV,FA_opt.json,001_10nodes_2swap_layers.json
SV,FA_opt.json,001_10nodes_3swap_layers.json
SV,FA_opt.json,001_10nodes_4swap_layers.json
SV,FA_opt.json,001_10nodes_5swap_layers.json
SV,FA_opt.json,001_10nodes_6swap_layers.json
SV,FA_opt.json,001_10nodes_7swap_layers.json
SV,FA_opt.json,001_10nodes_8swap_layers.json
SV,FA_opt.json,001_12nodes_0swap_layers.json
SV,FA_opt.json,001_12nodes_10swap_layers.json
SV,FA_opt.json,001_12nodes_1swap_layers.json
SV,FA_opt.json,001_12nodes_2swap_layers.json
SV,FA_opt.json,001_12nodes_3swap_layers.json
SV,FA_opt.json,001_12nodes_4swap_layers.json
SV,FA_opt.json,001_12nodes_5swap_layers.json
SV,FA_opt.json,001_12nodes_6swap_layers.json
SV,FA_opt.json,001_12nodes_7swap_layers.json
SV,FA_opt.json,001_12nodes_8swap_layers.json
SV,FA_opt.json,001_12nodes_9swap_layers.json
SV,FA_opt.json,001_13nodes_0swap_layers.json
SV,FA_opt.json,001_13nodes_10swap_layers.json
SV,FA_opt.json,001_13nodes_1swap_layers.json
SV,FA_opt.json,001_13nodes_2swap_layers.json
SV,FA_opt.json,001_13nodes_3swap_layers.json
SV,FA_opt.json,001_13nodes_4swap_layers.json
SV,FA_opt.json,001_13nodes_5swap_layers.json
SV,FA_opt.json,001_13nodes_6swap_layers.json
SV,FA_opt.json,001_13nodes_7swap_layers.json
SV,FA_opt.json,001_13nodes_8swap_layers.json
SV,FA_opt.json,001_13nodes_9swap_layers.json
SV,FA_opt.json,001_14nodes_0swap_layers.json
SV,FA_opt.json,001_14nodes_10swap_layers.json
SV,FA_opt.json,001_14nodes_1swap_layers.json
SV,FA_opt.json,001_14nodes_2swap_layers.json
SV,FA_opt.json,001_14nodes_3swap_layers.json
SV,FA_opt.json,001_14nodes_4swap_layers.json
SV,FA_opt.json,001_14nodes_5swap_layers.json
SV,FA_opt.json,001_14nodes_6swap_layers.json
SV,FA_opt.json,001_14nodes_7swap_layers.json
SV,FA_opt.json,001_14nodes_8swap_layers.json
SV,FA_opt.json,001_14nodes_9swap_layers.json
SV,FA_opt.json,001_15nodes_0swap_layers.json
SV,FA_opt.json,001_15nodes_10swap_layers.json
SV,FA_opt.json,001_15nodes_1swap_layers.json
SV,FA_opt.json,001_15nodes_2swap_layers.json
SV,FA_opt.json,001_15nodes_3swap_layers.json
SV,FA_opt.json,001_15nodes_4swap_layers.json
SV,FA_opt.json,001_15nodes_5swap_layers.json
SV,FA_opt.json,001_15nodes_6swap_layers.json
SV,FA_opt.json,001_15nodes_7swap_layers.json
SV,FA_opt.json,001_15nodes_8swap_layers.json
SV,FA_opt.json,001_15nodes_9swap_layers.json
SV,FA_opt.json,001_16nodes_0swap_layers.json
SV,FA_opt.json,001_16nodes_10swap_layers.json
SV,FA_opt.json,001_16nodes_1swap_layers.json
SV,FA_opt.json,001_16nodes_2swap_layers.json
SV,FA_opt.json,001_16nodes_3swap_layers.json
SV,FA_opt.json,001_16nodes_4swap_layers.json
SV,FA_opt.json,001_16nodes_5swap_layers.json
SV,FA_opt.json,001_16nodes_6swap_layers.json
SV,FA_opt.json,001_16nodes_7swap_layers.json
SV,FA_opt.json,001_16nodes_8swap_layers.json
SV,FA_opt.json,001_16nodes_9swap_layers.json
SV,FA_opt.json,001_17nodes_0swap_layers.json
SV,FA_opt.json,001_17nodes_10swap_layers.json
SV,FA_opt.json,001_17nodes_1swap_layers.json
SV,FA_opt.json,001_17nodes_2swap_layers.json
SV,FA_opt.json,001_17nodes_3swap_layers.json
SV,FA_opt.json,001_17nodes_4swap_layers.json
SV,FA_opt.json,001_17nodes_5swap_layers.json
SV,FA_opt.json,001_17nodes_6swap_layers.json
SV,FA_opt.json,001_17nodes_7swap_layers.json
SV,FA_opt.json,001_17nodes_8swap_layers.json
SV,FA_opt.json,001_17nodes_9swap_layers.json
SV,FA_opt.json,001_18nodes_0swap_layers.json
SV,FA_opt.json,001_18nodes_10swap_layers.json
SV,FA_opt.json,001_18nodes_1swap_layers.json
SV,FA_opt.json,001_18nodes_2swap_layers.json
SV,FA_opt.json,001_18nodes_3swap_layers.json
SV,FA_opt.json,001_18nodes_4swap_layers.json
SV,FA_opt.json,001_18nodes_5swap_layers.json
SV,FA_opt.json,001_18nodes_6swap_layers.json
SV,FA_opt.json,001_18nodes_7swap_layers.json
SV,FA_opt.json,001_18nodes_8swap_layers.json
SV,FA_opt.json,001_18nodes_9swap_layers.json
SV,FA_opt.json,001_19nodes_0swap_layers.json
SV,FA_opt.json,001_19nodes_10swap_layers.json
SV,FA_opt.json,001_19nodes_1swap_layers.json
SV,FA_opt.json,001_19nodes_2swap_layers.json
SV,FA_opt.json,001_19nodes_3swap_layers.json
SV,FA_opt.json,001_19nodes_4swap_layers.json
SV,FA_opt.json,001_19nodes_5swap_layers.json
SV,FA_opt.json,001_19nodes_6swap_layers.json
SV,FA_opt.json,001_19nodes_7swap_layers.json
SV,FA_opt.json,001_19nodes_8swap_layers.json
SV,FA_opt.json,001_19nodes_9swap_layers.json
SV,FA_opt.json,001_20nodes_0swap_layers.json
SV,FA_opt.json,001_20nodes_10swap_layers.json
SV,FA_opt.json,001_20nodes_2swap_layers.json
SV,FA_opt.json,001_20nodes_4swap_layers.json
SV,FA_opt.json,001_20nodes_6swap_layers.json
SV,FA_opt.json,001_20nodes_8swap_layers.json
SV,FA_opt.json,002_14nodes_0swap_layers.json
SV,FA_opt.json,002_14nodes_10swap_layers.json
SV,FA_opt.json,002_14nodes_1swap_layers.json
SV,FA_opt.json,002_14nodes_2swap_layers.json
SV,FA_opt.json,002_14nodes_3swap_layers.json
SV,FA_opt.json,002_14nodes_4swap_layers.json
SV,FA_opt.json,002_14nodes_5swap_layers.json
SV,FA_opt.json,002_14nodes_6swap_layers.json
SV,FA_opt.json,002_14nodes_7swap_layers.json
SV,FA_opt.json,002_14nodes_8swap_layers.json
SV,FA_opt.json,002_14nodes_9swap_layers.json
SV,FA_opt.json,002_15nodes_0swap_layers.json
SV,FA_opt.json,002_15nodes_10swap_layers.json
SV,FA_opt.json,002_15nodes_1swap_layers.json
SV,FA_opt.json,002_15nodes_2swap_layers.json
SV,FA_opt.json,002_15nodes_3swap_layers.json
SV,FA_opt.json,002_15nodes_4swap_layers.json
SV,FA_opt.json,002_15nodes_5swap_layers.json
SV,FA_opt.json,002_15nodes_6swap_layers.json
SV,FA_opt.json,002_15nodes_7swap_layers.json
SV,FA_opt.json,002_15nodes_8swap_layers.json
SV,FA_opt.json,002_15nodes_9swap_layers.json
SV,FA_opt.json,002_16nodes_0swap_layers.json
SV,FA_opt.json,002_16nodes_10swap_layers.json
SV,FA_opt.json,002_16nodes_1swap_layers.json
SV,FA_opt.json,002_16nodes_2swap_layers.json
SV,FA_opt.json,002_16nodes_3swap_layers.json
SV,FA_opt.json,002_16nodes_4swap_layers.json
SV,FA_opt.json,002_16nodes_5swap_layers.json
SV,FA_opt.json,002_16nodes_6swap_layers.json
SV,FA_opt.json,002_16nodes_7swap_layers.json
SV,FA_opt.json,002_16nodes_8swap_layers.json
SV,FA_opt.json,002_16nodes_9swap_layers.json
SV,FA_opt.json,002_17nodes_0swap_layers.json
SV,FA_opt.json,002_17nodes_10swap_layers.json
SV,FA_opt.json,002_17nodes_1swap_layers.json
SV,FA_opt.json,002_17nodes_2swap_layers.json
SV,FA_opt.json,002_17nodes_3swap_layers.json
SV,FA_opt.json,002_17nodes_4swap_layers.json
SV,FA_opt.json,002_17nodes_5swap_layers.json
SV,FA_opt.json,002_17nodes_6swap_layers.json
SV,FA_opt.json,002_17nodes_7swap_layers.json
SV,FA_opt.json,002_17nodes_8swap_layers.json
SV,FA_opt.json,002_17nodes_9swap_layers.json
SV,FA_opt.json,002_18nodes_0swap_layers.json
SV,FA_opt.json,002_18nodes_10swap_layers.json
SV,FA_opt.json,002_18nodes_1swap_layers.json
SV,FA_opt.json,002_18nodes_2swap_layers.json
SV,FA_opt.json,002_18nodes_3swap_layers.json
SV,FA_opt.json,002_18nodes_4swap_layers.json
SV,FA_opt.json,002_18nodes_5swap_layers.json
SV,FA_opt.json,002_18nodes_6swap_layers.json
SV,FA_opt.json,002_18nodes_7swap_layers.json
SV,FA_opt.json,002_18nodes_8swap_layers.json
SV,FA_opt.json,002_18nodes_9swap_layers.json
SV,FA_opt.json,002_19nodes_0swap_layers.json
SV,FA_opt.json,002_19nodes_10swap_layers.json
SV,FA_opt.json,002_19nodes_1swap_layers.json
SV,FA_opt.json,002_19nodes_2swap_layers.json
SV,FA_opt.json,002_19nodes_3swap_layers.json
SV,FA_opt.json,002_19nodes_4swap_layers.json
SV,FA_opt.json,002_19nodes_5swap_layers.json
SV,FA_opt.json,002_19nodes_6swap_layers.json
SV,FA_opt.json,002_19nodes_7swap_layers.json
SV,FA_opt.json,002_19nodes_8swap_layers.json
SV,FA_opt.json,002_19nodes_9swap_layers.json
SV,FA_opt.json,002_20nodes_0swap_layers.json
SV,FA_opt.json,002_20nodes_10swap_layers.json
SV,FA_opt.json,002_20nodes_2swap_layers.json
SV,FA_opt.json,002_20nodes_4swap_layers.json
SV,FA_opt.json,002_20nodes_6swap_layers.json
SV,FA_opt.json,002_20nodes_8swap_layers.json
SV,I.json,001_16nodes_0swap_layers.json
SV,I.json,001_16nodes_1swap_layers.json
SV,I.json,001_16nodes_2swap_layers.json
SV,I.json,001_16nodes_3swap_layers.json
SV,I.json,001_16nodes_4swap_layers.json
SV,I.json,001_16nodes_5swap_layers.json
SV,I.json,001_16nodes_6swap_layers.json
SV,I.json,001_16nodes_7swap_layers.json
SV,I.json,001_16nodes_8swap_layers.json
SV,I.json,001_16nodes_9swap_layers.json
SV,I.json,001_17nodes_0swap_layers.json
SV,I.json,001_17nodes_10swap_layers.json
SV,I.json,001_17nodes_1swap_layers.json
SV,I.json,001_17nodes_2swap_layers.json
SV,I.json,001_17nodes_3swap_layers.json
SV,I.json,001_17nodes_4swap_layers.json
SV,I.json,001_17nodes_5swap_layers.json
SV,I.json,001_17nodes_6swap_layers.json
SV,I.json,001_17nodes_7swap_layers.json
SV,I.json,001_17nodes_8swap_layers.json
SV,I.json,001_17nodes_9swap_layers.json
SV,I.json,001_18nodes_0swap_layers.json
SV,I.json,001_18nodes_10swap_layers.json
SV,I.json,001_18nodes_3swap_layers.json
SV,I.json,001_18nodes_4swap_layers.json
SV,I.json,001_18nodes_5swap_layers.json
SV,I.json,001_18nodes_6swap_layers.json
SV,I.json,001_18nodes_7swap_layers.json
SV,I.json,001_18nodes_8swap_layers.json
SV,I.json,001_18nodes_9swap_layers.json
SV,I.json,001_19nodes_0swap_layers.json
SV,I.json,001_19nodes_10swap_layers.json
SV,I.json,001_19nodes_1swap_layers.json
SV,I.json,001_19nodes_2swap_layers.json
SV,I.json,001_19nodes_3swap_layers.json
SV,I.json,001_19nodes_4swap_layers.json
SV,I.json,001_19nodes_6swap_layers.json
SV,I.json,001_19nodes_7swap_layers.json
SV,I.json,001_19nodes_8swap_layers.json
SV,I.json,001_19nodes_9swap_layers.json
SV,I.json,001_20nodes_0swap_layers.json
SV,I.json,001_20nodes_10swap_layers.json
SV,I.json,001_20nodes_2swap_layers.json
SV,I.json,001_20nodes_4swap_layers.json
SV,I.json,001_20nodes_6swap_layers.json
SV,I.json,001_20nodes_8swap_layers.json
SV,I.json,002_15nodes_1swap_layers.json
SV,I.json,002_15nodes_2swap_layers.json
SV,I.json,002_15nodes_3swap_layers.json
SV,I.json,002_15nodes_4swap_layers.json
SV,I.json,002_15nodes_5swap_layers.json
SV,I.json,002_15nodes_8swap_layers.json
SV,I.json,002_15nodes_9swap_layers.json
SV,I.json,002_16nodes_0swap_layers.json
SV,I.json,002_16nodes_10swap_layers.json
SV,I.json,002_16nodes_1swap_layers.json
SV,I.json,002_16nodes_2swap_layers.json
SV,I.json,002_16nodes_3swap_layers.json
SV,I.json,002_16nodes_4swap_layers.json
SV,I.json,002_16nodes_5swap_layers.json
SV,I.json,002_16nodes_7swap_layers.json
SV,I.json,002_16nodes_9swap_layers.json
SV,I.json,002_17nodes_0swap_layers.json
SV,I.json,002_17nodes_10swap_layers.json
SV,I.json,002_17nodes_1swap_layers.json
SV,I.json,002_17nodes_2swap_layers.json
SV,I.json,002_17nodes_3swap_layers.json
SV,I.json,002_17nodes_4swap_layers.json
SV,I.json,002_17nodes_5swap_layers.json
SV,I.json,002_17nodes_6swap_layers.json
SV,I.json,002_17nodes_7swap_layers.json
SV,I.json,002_17nodes_8swap_layers.json
SV,I.json,002_17nodes_9swap_layers.json
SV,I.json,002_18nodes_0swap_layers.json
SV,I.json,002_18nodes_10swap_layers.json
SV,I.json,002_18nodes_1swap_layers.json
SV,I.json,002_18nodes_2swap_layers.json
SV,I.json,002_18nodes_3swap_layers.json
SV,I.json,002_18nodes_4swap_layers.json
SV,I.json,002_18nodes_5swap_layers.json
SV,I.json,002_18nodes_6swap_layers.json
SV,I.json,002_18nodes_7swap_layers.json
SV,I.json,002_18nodes_8swap_layers.json
SV,I.json,002_18nodes_9swap_layers.json
SV,I.json,002_19nodes_0swap_layers.json
SV,I.json,002_19nodes_10swap_layers.json
SV,I.json,002_19nodes_1swap_layers.json
SV,I.json,002_19nodes_2swap_layers.json
SV,I.json,002_19nodes_3swap_layers.json
SV,I.json,002_19nodes_4swap_layers.json
SV,I.json,002_19nodes_5swap_layers.json
SV,I.json,002_19nodes_6swap_layers.json
SV,I.json,002_19nodes_7swap_layers.json
SV,I.json,002_19nodes_8swap_layers.json
SV,I.json,002_19nodes_9swap_layers.json
SV,I.json,002_20nodes_0swap_layers.json
SV,I.json,002_20nodes_10swap_layers.json
SV,I.json,002_20nodes_2swap_layers.json
SV,I.json,002_20nodes_4swap_layers.json
SV,I.json,002_20nodes_6swap_layers.json
SV,I.json,002_20nodes_8swap_layers.json
SV,F.json,001_16nodes_10swap_layers.json
SV,F.json,001_16nodes_1swap_layers.json
SV,F.json,001_16nodes_2swap_layers.json
SV,F.json,001_16nodes_3swap_layers.json
SV,F.json,001_16nodes_4swap_layers.json
SV,F.json,001_16nodes_5swap_layers.json
SV,F.json,001_16nodes_6swap_layers.json
SV,F.json,001_16nodes_7swap_layers.json
SV,F.json,001_16nodes_8swap_layers.json
SV,F.json,001_17nodes_10swap_layers.json
SV,F.json,001_17nodes_1swap_layers.json
SV,F.json,001_17nodes_2swap_layers.json
SV,F.json,001_17nodes_3swap_layers.json
SV,F.json,001_17nodes_4swap_layers.json
SV,F.json,001_17nodes_5swap_layers.json
SV,F.json,001_17nodes_6swap_layers.json
SV,F.json,001_17nodes_8swap_layers.json
SV,F.json,001_17nodes_9swap_layers.json
SV,F.json,001_18nodes_0swap_layers.json
SV,F.json,001_18nodes_10swap_layers.json
SV,F.json,001_18nodes_1swap_layers.json
SV,F.json,001_18nodes_2swap_layers.json
SV,F.json,001_18nodes_4swap_layers.json
SV,F.json,001_18nodes_5swap_layers.json
SV,F.json,001_18nodes_6swap_layers.json
SV,F.json,001_18nodes_7swap_layers.json
SV,F.json,001_18nodes_8swap_layers.json
SV,F.json,001_18nodes_9swap_layers.json
SV,F.json,001_19nodes_0swap_layers.json
SV,F.json,001_19nodes_10swap_layers.json
SV,F.json,001_19nodes_1swap_layers.json
SV,F.json,001_19nodes_2swap_layers.json
SV,F.json,001_19nodes_3swap_layers.json
SV,F.json,001_19nodes_4swap_layers.json
SV,F.json,001_19nodes_5swap_layers.json
SV,F.json,001_19nodes_6swap_layers.json
SV,F.json,001_19nodes_7swap_layers.json
SV,F.json,001_19nodes_8swap_layers.json
SV,F.json,001_19nodes_9swap_layers.json
SV,F.json,001_20nodes_0swap_layers.json
SV,F.json,001_20nodes_10swap_layers.json
SV,F.json,001_20nodes_2swap_layers.json
SV,F.json,001_20nodes_4swap_layers.json
SV,F.json,001_20nodes_6swap_layers.json
SV,F.json,001_20nodes_8swap_layers.json
SV,F.json,002_15nodes_2swap_layers.json
SV,F.json,002_15nodes_4swap_layers.json
SV,F.json,002_15nodes_6swap_layers.json
SV,F.json,002_15nodes_7swap_layers.json
SV,F.json,002_15nodes_9swap_layers.json
SV,F.json,002_16nodes_0swap_layers.json
SV,F.json,002_16nodes_10swap_layers.json
SV,F.json,002_16nodes_1swap_layers.json
SV,F.json,002_16nodes_2swap_layers.json
SV,F.json,002_16nodes_3swap_layers.json
SV,F.json,002_16nodes_4swap_layers.json
SV,F.json,002_16nodes_5swap_layers.json
SV,F.json,002_16nodes_7swap_layers.json
SV,F.json,002_16nodes_8swap_layers.json
SV,F.json,002_16nodes_9swap_layers.json
SV,F.json,002_17nodes_0swap_layers.json
SV,F.json,002_17nodes_10swap_layers.json
SV,F.json,002_17nodes_1swap_layers.json
SV,F.json,002_17nodes_2swap_layers.json
SV,F.json,002_17nodes_3swap_layers.json
SV,F.json,002_17nodes_4swap_layers.json
SV,F.json,002_17nodes_5swap_layers.json
SV,F.json,002_17nodes_6swap_layers.json
SV,F.json,002_17nodes_7swap_layers.json
SV,F.json,002_17nodes_8swap_layers.json
SV,F.json,002_17nodes_9swap_layers.json
SV,F.json,002_18nodes_0swap_layers.json
SV,F.json,002_18nodes_10swap_layers.json
SV,F.json,002_18nodes_1swap_layers.json
SV,F.json,002_18nodes_2swap_layers.json
SV,F.json,002_18nodes_3swap_layers.json
SV,F.json,002_18nodes_4swap_layers.json
SV,F.json,002_18nodes_5swap_layers.json
SV,F.json,002_18nodes_6swap_layers.json
SV,F.json,002_18nodes_7swap_layers.json
SV,F.json,002_18nodes_8swap_layers.json
SV,F.json,002_18nodes_9swap_layers.json
SV,F.json,002_19nodes_0swap_layers.json
SV,F.json,002_19nodes_10swap_layers.json
SV,F.json,002_19nodes_1swap_layers.json
SV,F.json,002_19nodes_2swap_layers.json
SV,F.json,002_19nodes_3swap_layers.json
SV,F.json,002_19nodes_4swap_layers.json
SV,F.json,002_19nodes_5swap_layers.json
SV,F.json,002_19nodes_6swap_layers.json
SV,F.json,002_19nodes_7swap_layers.json
SV,F.json,002_19nodes_8swap_layers.json
SV,F.json,002_19nodes_9swap_layers.json
SV,F.json,002_20nodes_0swap_layers.json
SV,F.json,002_20nodes_10swap_layers.json
SV,F.json,002_20nodes_2swap_layers.json
SV,F.json,002_20nodes_4swap_layers.json
SV,F.json,002_20nodes_6swap_layers.json
SV,F.json,002_20nodes_8swap_layers.json
SV,FA_opt.json,001_10nodes_random4regular.json
SV,FA_opt.json,001_10nodes_random5regular.json
SV,FA_opt.json,001_10nodes_random6regular.json
SV,FA_opt.json,001_10nodes_random7regular.json
SV,FA_opt.json,001_10nodes_random8regular.json
SV,FA_opt.json,001_10nodes_random9regular.json
SV,FA_opt.json,001_11nodes_random4regular.json
SV,FA_opt.json,001_11nodes_random6regular.json
SV,FA_opt.json,001_11nodes_random8regular.json
SV,FA_opt.json,001_12nodes_random4regular.json
SV,FA_opt.json,001_12nodes_random5regular.json
SV,FA_opt.json,001_12nodes_random6regular.json
SV,FA_opt.json,001_12nodes_random7regular.json
SV,FA_opt.json,001_12nodes_random8regular.json
SV,FA_opt.json,001_12nodes_random9regular.json
SV,FA_opt.json,001_13nodes_random4regular.json
SV,FA_opt.json,001_13nodes_random6regular.json
SV,FA_opt.json,001_13nodes_random8regular.json
SV,FA_opt.json,001_14nodes_random4regular.json
SV,FA_opt.json,001_14nodes_random5regular.json
SV,FA_opt.json,001_14nodes_random6regular.json
SV,FA_opt.json,001_14nodes_random7regular.json
SV,FA_opt.json,001_14nodes_random8regular.json
SV,FA_opt.json,001_14nodes_random9regular.json
SV,FA_opt.json,001_15nodes_random4regular.json
SV,FA_opt.json,001_15nodes_random6regular.json
SV,FA_opt.json,001_15nodes_random8regular.json
SV,FA_opt.json,006_10nodes_random4regular.json
SV,FA_opt.json,006_10nodes_random5regular.json
SV,FA_opt.json,006_10nodes_random6regular.json
SV,FA_opt.json,006_10nodes_random7regular.json
SV,FA_opt.json,006_10nodes_random8regular.json
SV,FA_opt.json,006_10nodes_random9regular.json
SV,FA_opt.json,006_11nodes_random4regular.json
SV,FA_opt.json,006_11nodes_random6regular.json
SV,FA_opt.json,006_11nodes_random8regular.json
SV,FA_opt.json,006_12nodes_random4regular.json
SV,FA_opt.json,006_12nodes_random5regular.json
SV,FA_opt.json,006_12nodes_random6regular.json
SV,FA_opt.json,006_12nodes_random7regular.json
SV,FA_opt.json,006_12nodes_random8regular.json
SV,FA_opt.json,006_12nodes_random9regular.json
SV,FA_opt.json,006_13nodes_random4regular.json
SV,FA_opt.json,006_13nodes_random6regular.json
SV,FA_opt.json,006_13nodes_random8regular.json
SV,FA_opt.json,006_14nodes_random4regular.json
SV,FA_opt.json,006_14nodes_random5regular.json
SV,FA_opt.json,006_14nodes_random6regular.json
SV,FA_opt.json,006_14nodes_random7regular.json
SV,FA_opt.json,006_14nodes_random8regular.json
SV,FA_opt.json,006_14nodes_random9regular.json
SV,FA_opt.json,006_15nodes_random4regular.json
SV,FA_opt.json,006_15nodes_random6regular.json
SV,FA_opt.json,006_15nodes_random8regular.json
SV,FA_opt.json,006_16nodes_random4regular.json
SV,FA_opt.json,006_16nodes_random5regular.json
SV,FA_opt.json,006_16nodes_random6regular.json
SV,FA_opt.json,006_16nodes_random7regular.json
SV,FA_opt.json,006_16nodes_random8regular.json
SV,FA_opt.json,006_16nodes_random9regular.json
SV,FA_opt.json,006_17nodes_random4regular.json
SV,FA_opt.json,006_17nodes_random6regular.json
SV,FA_opt.json,006_17nodes_random8regular.json
SV,FA_opt.json,006_18nodes_random4regular.json
SV,FA_opt.json,006_18nodes_random5regular.json
SV,FA_opt.json,006_18nodes_random6regular.json
SV,FA_opt.json,006_18nodes_random7regular.json
SV,FA_opt.json,006_18nodes_random8regular.json
SV,FA_opt.json,006_18nodes_random9regular.json
SV,FA_opt.json,006_19nodes_random4regular.json
SV,FA_opt.json,006_19nodes_random6regular.json
SV,FA_opt.json,006_19nodes_random8regular.json
SV,FA_opt.json,007_10nodes_random4regular.json
SV,FA_opt.json,007_10nodes_random5regular.json
SV,FA_opt.json,007_10nodes_random6regular.json
SV,FA_opt.json,007_10nodes_random7regular.json
SV,FA_opt.json,007_10nodes_random8regular.json
SV,FA_opt.json,007_10nodes_random9regular.json
SV,FA_opt.json,007_11nodes_random4regular.json
SV,FA_opt.json,007_11nodes_random6regular.json
SV,FA_opt.json,007_11nodes_random8regular.json
SV,FA_opt.json,007_12nodes_random4regular.json
SV,FA_opt.json,007_12nodes_random5regular.json
SV,FA_opt.json,007_12nodes_random6regular.json
SV,FA_opt.json,007_12nodes_random7regular.json
SV,FA_opt.json,007_12nodes_random8regular.json
SV,FA_opt.json,007_12nodes_random9regular.json
SV,FA_opt.json,007_13nodes_random4regular.json
SV,FA_opt.json,007_13nodes_random6regular.json
SV,FA_opt.json,007_13nodes_random8regular.json
SV,FA_opt.json,007_14nodes_random4regular.json
SV,FA_opt.json,007_14nodes_random5regular.json
SV,FA_opt.json,007_14nodes_random6regular.json
SV,FA_opt.json,007_14nodes_random7regular.json
SV,FA_opt.json,007_14nodes_random8regular.json
SV,FA_opt.json,007_14nodes_random9regular.json
SV,FA_opt.json,007_15nodes_random4regular.json
SV,FA_opt.json,007_15nodes_random6regular.json
SV,FA_opt.json,007_15nodes_random8regular.json
SV,FA_opt.json,007_16nodes_random4regular.json
SV,FA_opt.json,007_16nodes_random5regular.json
SV,FA_opt.json,007_16nodes_random6regular.json
SV,FA_opt.json,007_16nodes_random7regular.json
SV,FA_opt.json,007_16nodes_random8regular.json
SV,FA_opt.json,007_16nodes_random9regular.json
SV,FA_opt.json,007_17nodes_random4regular.json
SV,FA_opt.json,007_17nodes_random6regular.json
SV,FA_opt.json,007_17nodes_random8regular.json
SV,FA_opt.json,007_18nodes_random4regular.json
SV,FA_opt.json,007_18nodes_random5regular.json
SV,FA_opt.json,007_18nodes_random6regular.json
SV,FA_opt.json,007_18nodes_random7regular.json
SV,FA_opt.json,007_18nodes_random8regular.json
SV,FA_opt.json,007_18nodes_random9regular.json
SV,FA_opt.json,007_19nodes_random4regular.json
SV,FA_opt.json,007_19nodes_random6regular.json
SV,FA_opt.json,007_19nodes_random8regular.json
SV,F.json,006_10nodes_random3regular.json
SV,F.json,006_10nodes_random4regular.json
SV,F.json,006_10nodes_random5regular.json
SV,F.json,006_10nodes_random6regular.json
SV,F.json,006_10nodes_random7regular.json
SV,F.json,006_10nodes_random8regular.json
SV,F.json,006_10nodes_random9regular.json
SV,F.json,006_11nodes_random4regular.json
SV,F.json,006_11nodes_random6regular.json
SV,F.json,006_11nodes_random8regular.json
SV,F.json,006_12nodes_random3regular.json
SV,F.json,006_12nodes_random4regular.json
SV,F.json,006_12nodes_random5regular.json
SV,F.json,006_12nodes_random6regular.json
SV,F.json,006_12nodes_random7regular.json
SV,F.json,006_12nodes_random8regular.json
SV,F.json,006_12nodes_random9regular.json
SV,F.json,006_13nodes_random4regular.json
SV,F.json,006_13nodes_random6regular.json
SV,F.json,006_13nodes_random8regular.json
SV,F.json,006_14nodes_random3regular.json
SV,F.json,006_14nodes_random4regular.json
SV,F.json,006_14nodes_random5regular.json
SV,F.json,006_14nodes_random6regular.json
SV,F.json,006_14nodes_random7regular.json
SV,F.json,006_14nodes_random8regular.json
SV,F.json,006_14nodes_random9regular.json
SV,F.json,006_15nodes_random4regular.json
SV,F.json,006_15nodes_random6regular.json
SV,F.json,006_15nodes_random8regular.json
SV,F.json,006_16nodes_random3regular.json
SV,F.json,006_16nodes_random4regular.json
SV,F.json,006_16nodes_random5regular.json
SV,F.json,006_16nodes_random6regular.json
SV,F.json,006_16nodes_random7regular.json
SV,F.json,006_16nodes_random8regular.json
SV,F.json,006_16nodes_random9regular.json
SV,F.json,006_17nodes_random4regular.json
SV,F.json,006_17nodes_random6regular.json
SV,F.json,006_17nodes_random8regular.json
SV,F.json,006_18nodes_random3regular.json
SV,F.json,006_18nodes_random4regular.json
SV,F.json,006_18nodes_random5regular.json
SV,F.json,006_18nodes_random6regular.json
SV,F.json,006_18nodes_random7regular.json
SV,F.json,006_18nodes_random8regular.json
SV,F.json,006_18nodes_random9regular.json
SV,F.json,006_19nodes_random4regular.json
SV,F.json,006_19nodes_random6regular.json
SV,F.json,006_19nodes_random8regular.json
SV,F.json,007_10nodes_random3regular.json
SV,F.json,007_10nodes_random4regular.json
SV,F.json,007_10nodes_random5regular.json
SV,F.json,007_10nodes_random6regular.json
SV,F.json,007_10nodes_random7regular.json
SV,F.json,007_10nodes_random8regular.json
SV,F.json,007_10nodes_random9regular.json
SV,F.json,007_11nodes_random4regular.json
SV,F.json,007_11nodes_random6regular.json
SV,F.json,007_11nodes_random8regular.json
SV,F.json,007_12nodes_random3regular.json
SV,F.json,007_12nodes_random4regular.json
SV,F.json,007_12nodes_random5regular.json
SV,F.json,007_12nodes_random6regular.json
SV,F.json,007_12nodes_random7regular.json
SV,F.json,007_12nodes_random8regular.json
SV,F.json,007_12nodes_random9regular.json
SV,F.json,007_13nodes_random4regular.json
SV,F.json,007_13nodes_random6regular.json
SV,F.json,007_13nodes_random8regular.json
SV,F.json,007_14nodes_random3regular.json
SV,F.json,007_14nodes_random4regular.json
SV,F.json,007_14nodes_random5regular.json
SV,F.json,007_14nodes_random6regular.json
SV,F.json,007_14nodes_random7regular.json
SV,F.json,007_14nodes_random8regular.json
SV,F.json,007_14nodes_random9regular.json
SV,F.json,007_15nodes_random4regular.json
SV,F.json,007_15nodes_random6regular.json
SV,F.json,007_15nodes_random8regular.json
SV,F.json,007_16nodes_random3regular.json
SV,F.json,007_16nodes_random4regular.json
SV,F.json,007_16nodes_random5regular.json
SV,F.json,007_16nodes_random6regular.json
SV,F.json,007_16nodes_random7regular.json
SV,F.json,007_16nodes_random8regular.json
SV,F.json,007_16nodes_random9regular.json
SV,F.json,007_17nodes_random4regular.json
SV,F.json,007_17nodes_random6regular.json
SV,F.json,007_17nodes_random8regular.json
SV,F.json,007_18nodes_random3regular.json
SV,F.json,007_18nodes_random4regular.json
SV,F.json,007_18nodes_random5regular.json
SV,F.json,007_18nodes_random6regular.json
SV,F.json,007_18nodes_random7regular.json
SV,F.json,007_18nodes_random8regular.json
SV,F.json,007_18nodes_random9regular.json
SV,F.json,007_19nodes_random4regular.json
SV,F.json,007_19nodes_random6regular.json
SV,F.json,007_19nodes_random8regular.json
