,instance,method,depth
0,002_18nodes_1swap_layers.json,LR_SV_angle_opt.json,10
1,001_12nodes_random6regular.json,LR_SV_angle_opt.json,10
2,002_14nodes_2swap_layers.json,LR_SV_angle_opt.json,10
3,000_17nodes_erdosrenyi50percent.json,LR_SV_angle_opt.json,10
4,001_13nodes_erdosrenyi40percent.json,LR_SV_angle_opt.json,10
5,000_18nodes_erdosrenyi40percent.json,LR_SV_angle_opt.json,10
6,006_18nodes_random8regular.json,LR_SV_angle_opt.json,10
7,006_16nodes_random4regular.json,LR_SV_angle_opt.json,10
8,006_14nodes_random3regular.json,LR_SV_angle_opt.json,10
9,001_13nodes_erdosrenyi50percent.json,LR_SV_angle_opt.json,10
10,006_14nodes_random6regular.json,LR_SV_angle_opt.json,10
11,002_18nodes_10swap_layers.json,LR_SV_angle_opt.json,10
12,001_12nodes_9swap_layers.json,LR_SV_angle_opt.json,10
13,002_16nodes_1swap_layers.json,LR_SV_angle_opt.json,10
14,007_17nodes_random8regular.json,LR_SV_angle_opt.json,10
15,001_10nodes_random3regular.json,LR_SV_angle_opt.json,10
16,002_14nodes_random3regular.json,LR_SV_angle_opt.json,10
17,001_13nodes_9swap_layers.json,LR_SV_angle_opt.json,10
18,007_17nodes_random6regular.json,LR_SV_angle_opt.json,10
19,001_10nodes_erdosrenyi30percent.json,LR_SV_angle_opt.json,10
20,001_18nodes_4swap_layers.json,LR_SV_angle_opt.json,10
21,001_15nodes_4swap_layers.json,LR_SV_angle_opt.json,10
22,006_15nodes_random8regular.json,LR_SV_angle_opt.json,10
23,001_12nodes_erdosrenyi50percent.json,LR_SV_angle_opt.json,10
24,005_12nodes_random3regular.json,LR_SV_angle_opt.json,10
25,001_1_2_heavyhex_21nodes_weighted.json,LR_SV_angle_opt.json,10
26,001_17nodes_erdosrenyi40percent.json,LR_SV_angle_opt.json,10
27,009_20nodes_erdosrenyi20percent.json,LR_SV_angle_opt.json,10
28,003_18nodes_random3regular.json,LR_SV_angle_opt.json,10
29,001_14nodes_8swap_layers.json,LR_SV_angle_opt.json,10
30,000_14nodes_random3regular.json,LR_SV_angle_opt.json,10
31,002_14nodes_4swap_layers.json,LR_SV_angle_opt.json,10
32,001_16nodes_5swap_layers.json,LR_SV_angle_opt.json,10
33,001_18nodes_7swap_layers.json,LR_SV_angle_opt.json,10
34,003_10nodes_random3regular.json,LR_SV_angle_opt.json,10
35,002_14nodes_5swap_layers.json,LR_SV_angle_opt.json,10
36,000_12nodes_erdosrenyi40percent.json,LR_SV_angle_opt.json,10
37,007_11nodes_random4regular.json,LR_SV_angle_opt.json,10
38,006_12nodes_random8regular.json,LR_SV_angle_opt.json,10
39,001_14nodes_random9regular.json,LR_SV_angle_opt.json,10
40,001_20nodes_erdosrenyi20percent.json,LR_SV_angle_opt.json,10
41,007_18nodes_random6regular.json,LR_SV_angle_opt.json,10
42,000_13nodes_erdosrenyi30percent.json,LR_SV_angle_opt.json,10
43,006_15nodes_random4regular.json,LR_SV_angle_opt.json,10
44,001_12nodes_random8regular.json,LR_SV_angle_opt.json,10
45,001_19nodes_10swap_layers.json,LR_SV_angle_opt.json,10
46,001_19nodes_2swap_layers.json,LR_SV_angle_opt.json,10
47,001_20nodes_random5regular.json,LR_SV_angle_opt.json,10
48,005_18nodes_random3regular.json,LR_SV_angle_opt.json,10
49,006_18nodes_random9regular.json,LR_SV_angle_opt.json,10
50,007_13nodes_random8regular.json,LR_SV_angle_opt.json,10
51,006_16nodes_random5regular.json,LR_SV_angle_opt.json,10
52,007_16nodes_random5regular.json,LR_SV_angle_opt.json,10
53,001_19nodes_5swap_layers.json,LR_SV_angle_opt.json,10
54,001_15nodes_erdosrenyi20percent.json,LR_SV_angle_opt.json,10
55,002_10nodes_random3regular.json,LR_SV_angle_opt.json,10
56,002_18nodes_9swap_layers.json,LR_SV_angle_opt.json,10
57,007_18nodes_random5regular.json,LR_SV_angle_opt.json,10
58,004_14nodes_random3regular.json,LR_SV_angle_opt.json,10
59,001_12nodes_random4regular.json,LR_SV_angle_opt.json,10
60,001_10nodes_random4regular.json,LR_SV_angle_opt.json,10
61,007_10nodes_random5regular.json,LR_SV_angle_opt.json,10
62,008_20nodes_erdosrenyi20percent.json,LR_SV_angle_opt.json,10
63,006_19nodes_random8regular.json,LR_SV_angle_opt.json,10
64,001_14nodes_erdosrenyi40percent.json,LR_SV_angle_opt.json,10
65,002_19nodes_4swap_layers.json,LR_SV_angle_opt.json,10
66,000_20nodes_erdosrenyi30percent.json,LR_SV_angle_opt.json,10
67,002_18nodes_8swap_layers.json,LR_SV_angle_opt.json,10
68,006_14nodes_random4regular.json,LR_SV_angle_opt.json,10
69,008_18nodes_random3regular.json,LR_SV_angle_opt.json,10
70,000_10nodes_erdosrenyi40percent.json,LR_SV_angle_opt.json,10
71,001_14nodes_random5regular.json,LR_SV_angle_opt.json,10
72,007_16nodes_random9regular.json,LR_SV_angle_opt.json,10
73,003_16nodes_random3regular.json,LR_SV_angle_opt.json,10
74,001_20nodes_random3regular.json,LR_SV_angle_opt.json,10
75,007_12nodes_random8regular.json,LR_SV_angle_opt.json,10
76,001_16nodes_2swap_layers.json,LR_SV_angle_opt.json,10
77,001_14nodes_3swap_layers.json,LR_SV_angle_opt.json,10
78,001_17nodes_7swap_layers.json,LR_SV_angle_opt.json,10
79,000_11nodes_erdosrenyi50percent.json,LR_SV_angle_opt.json,10
80,001_10nodes_3swap_layers.json,LR_SV_angle_opt.json,10
81,006_16nodes_random9regular.json,LR_SV_angle_opt.json,10
82,006_10nodes_random6regular.json,LR_SV_angle_opt.json,10
83,001_10nodes_6swap_layers.json,LR_SV_angle_opt.json,10
84,001_14nodes_7swap_layers.json,LR_SV_angle_opt.json,10
85,003_1_2_heavyhex_21nodes_weighted.json,LR_SV_angle_opt.json,10
86,001_18nodes_2swap_layers.json,LR_SV_angle_opt.json,10
87,002_16nodes_4swap_layers.json,LR_SV_angle_opt.json,10
88,001_18nodes_0swap_layers.json,LR_SV_angle_opt.json,10
89,001_1_1_heavyhex_12nodes_weighted.json,LR_SV_angle_opt.json,10
90,000_12nodes_erdosrenyi20percent.json,LR_SV_angle_opt.json,10
91,002_19nodes_5swap_layers.json,LR_SV_angle_opt.json,10
92,006_11nodes_random6regular.json,LR_SV_angle_opt.json,10
93,005_20nodes_random3regular.json,LR_SV_angle_opt.json,10
94,005_10nodes_random3regular.json,LR_SV_angle_opt.json,10
95,007_17nodes_random4regular.json,LR_SV_angle_opt.json,10
96,006_11nodes_random4regular.json,LR_SV_angle_opt.json,10
97,001_14nodes_10swap_layers.json,LR_SV_angle_opt.json,10
98,001_20nodes_9swap_layers.json,LR_SV_angle_opt.json,10
99,000_12nodes_erdosrenyi30percent.json,LR_SV_angle_opt.json,10
100,001_12nodes_random5regular.json,LR_SV_angle_opt.json,10
101,006_14nodes_random7regular.json,LR_SV_angle_opt.json,10
102,000_19nodes_erdosrenyi50percent.json,LR_SV_angle_opt.json,10
103,006_18nodes_random5regular.json,LR_SV_angle_opt.json,10
104,001_18nodes_erdosrenyi20percent.json,LR_SV_angle_opt.json,10
105,007_16nodes_random3regular.json,LR_SV_angle_opt.json,10
106,002_15nodes_2swap_layers.json,LR_SV_angle_opt.json,10
107,007_15nodes_random6regular.json,LR_SV_angle_opt.json,10
108,000_10nodes_random3regular.json,LR_SV_angle_opt.json,10
109,001_10nodes_random5regular.json,LR_SV_angle_opt.json,10
110,006_13nodes_random4regular.json,LR_SV_angle_opt.json,10
111,007_12nodes_random9regular.json,LR_SV_angle_opt.json,10
112,001_18nodes_erdosrenyi50percent.json,LR_SV_angle_opt.json,10
113,001_11nodes_erdosrenyi30percent.json,LR_SV_angle_opt.json,10
114,000_10nodes_erdosrenyi20percent.json,LR_SV_angle_opt.json,10
115,006_20nodes_random3regular.json,LR_SV_angle_opt.json,10
116,001_18nodes_erdosrenyi30percent.json,LR_SV_angle_opt.json,10
117,002_15nodes_0swap_layers.json,LR_SV_angle_opt.json,10
118,001_12nodes_5swap_layers.json,LR_SV_angle_opt.json,10
119,001_19nodes_erdosrenyi40percent.json,LR_SV_angle_opt.json,10
120,002_15nodes_3swap_layers.json,LR_SV_angle_opt.json,10
121,001_20nodes_random6regular.json,LR_SV_angle_opt.json,10
122,001_15nodes_0swap_layers.json,LR_SV_angle_opt.json,10
123,006_19nodes_random4regular.json,LR_SV_angle_opt.json,10
124,001_13nodes_8swap_layers.json,LR_SV_angle_opt.json,10
125,002_15nodes_5swap_layers.json,LR_SV_angle_opt.json,10
126,002_20nodes_6swap_layers.json,LR_SV_angle_opt.json,10
127,001_15nodes_erdosrenyi40percent.json,LR_SV_angle_opt.json,10
128,001_18nodes_3swap_layers.json,LR_SV_angle_opt.json,10
129,001_10nodes_random9regular.json,LR_SV_angle_opt.json,10
130,000_11nodes_erdosrenyi40percent.json,LR_SV_angle_opt.json,10
131,001_10nodes_8swap_layers.json,LR_SV_angle_opt.json,10
132,001_10nodes_random7regular.json,LR_SV_angle_opt.json,10
133,000_19nodes_erdosrenyi40percent.json,LR_SV_angle_opt.json,10
134,002_14nodes_1swap_layers.json,LR_SV_angle_opt.json,10
135,002_1_1_heavyhex_12nodes_weighted.json,LR_SV_angle_opt.json,10
136,005_14nodes_random3regular.json,LR_SV_angle_opt.json,10
137,007_18nodes_random8regular.json,LR_SV_angle_opt.json,10
138,006_14nodes_random9regular.json,LR_SV_angle_opt.json,10
139,001_12nodes_7swap_layers.json,LR_SV_angle_opt.json,10
140,000_18nodes_erdosrenyi30percent.json,LR_SV_angle_opt.json,10
141,001_10nodes_0swap_layers.json,LR_SV_angle_opt.json,10
142,001_17nodes_6swap_layers.json,LR_SV_angle_opt.json,10
143,001_14nodes_1swap_layers.json,LR_SV_angle_opt.json,10
144,006_14nodes_random8regular.json,LR_SV_angle_opt.json,10
145,002_15nodes_7swap_layers.json,LR_SV_angle_opt.json,10
146,002_20nodes_erdosrenyi20percent.json,LR_SV_angle_opt.json,10
147,007_15nodes_random4regular.json,LR_SV_angle_opt.json,10
148,001_13nodes_erdosrenyi20percent.json,LR_SV_angle_opt.json,10
149,006_17nodes_random8regular.json,LR_SV_angle_opt.json,10
150,007_19nodes_random8regular.json,LR_SV_angle_opt.json,10
151,002_15nodes_6swap_layers.json,LR_SV_angle_opt.json,10
152,001_12nodes_6swap_layers.json,LR_SV_angle_opt.json,10
153,001_19nodes_9swap_layers.json,LR_SV_angle_opt.json,10
154,006_17nodes_random6regular.json,LR_SV_angle_opt.json,10
155,001_20nodes_2swap_layers.json,LR_SV_angle_opt.json,10
156,007_11nodes_random6regular.json,LR_SV_angle_opt.json,10
157,001_19nodes_erdosrenyi20percent.json,LR_SV_angle_opt.json,10
158,001_15nodes_random8regular.json,LR_SV_angle_opt.json,10
159,007_14nodes_random9regular.json,LR_SV_angle_opt.json,10
160,007_14nodes_random8regular.json,LR_SV_angle_opt.json,10
161,001_12nodes_3swap_layers.json,LR_SV_angle_opt.json,10
162,002_14nodes_7swap_layers.json,LR_SV_angle_opt.json,10
163,001_16nodes_6swap_layers.json,LR_SV_angle_opt.json,10
164,007_16nodes_random6regular.json,LR_SV_angle_opt.json,10
165,001_16nodes_erdosrenyi50percent.json,LR_SV_angle_opt.json,10
166,001_12nodes_1swap_layers.json,LR_SV_angle_opt.json,10
167,004_1_1_heavyhex_12nodes_weighted.json,LR_SV_angle_opt.json,10
168,007_20nodes_erdosrenyi20percent.json,LR_SV_angle_opt.json,10
169,004_12nodes_random3regular.json,LR_SV_angle_opt.json,10
170,002_17nodes_2swap_layers.json,LR_SV_angle_opt.json,10
171,000_14nodes_erdosrenyi30percent.json,LR_SV_angle_opt.json,10
172,001_15nodes_random4regular.json,LR_SV_angle_opt.json,10
173,006_10nodes_random4regular.json,LR_SV_angle_opt.json,10
174,009_16nodes_random3regular.json,LR_SV_angle_opt.json,10
175,001_17nodes_10swap_layers.json,LR_SV_angle_opt.json,10
176,005_16nodes_random3regular.json,LR_SV_angle_opt.json,10
177,001_13nodes_4swap_layers.json,LR_SV_angle_opt.json,10
178,000_18nodes_random3regular.json,LR_SV_angle_opt.json,10
179,001_12nodes_erdosrenyi20percent.json,LR_SV_angle_opt.json,10
180,001_15nodes_erdosrenyi50percent.json,LR_SV_angle_opt.json,10
181,001_11nodes_random4regular.json,LR_SV_angle_opt.json,10
182,001_19nodes_1swap_layers.json,LR_SV_angle_opt.json,10
183,002_20nodes_2swap_layers.json,LR_SV_angle_opt.json,10
184,002_18nodes_2swap_layers.json,LR_SV_angle_opt.json,10
185,001_17nodes_erdosrenyi50percent.json,LR_SV_angle_opt.json,10
186,001_13nodes_10swap_layers.json,LR_SV_angle_opt.json,10
187,001_14nodes_erdosrenyi30percent.json,LR_SV_angle_opt.json,10
188,007_12nodes_random6regular.json,LR_SV_angle_opt.json,10
189,001_18nodes_random3regular.json,LR_SV_angle_opt.json,10
190,002_19nodes_2swap_layers.json,LR_SV_angle_opt.json,10
191,002_15nodes_10swap_layers.json,LR_SV_angle_opt.json,10
192,007_16nodes_random4regular.json,LR_SV_angle_opt.json,10
193,006_1_1_heavyhex_12nodes_weighted.json,LR_SV_angle_opt.json,10
194,001_16nodes_erdosrenyi20percent.json,LR_SV_angle_opt.json,10
195,007_16nodes_random7regular.json,LR_SV_angle_opt.json,10
196,008_10nodes_random3regular.json,LR_SV_angle_opt.json,10
197,004_20nodes_random3regular.json,LR_SV_angle_opt.json,10
198,000_12nodes_random3regular.json,LR_SV_angle_opt.json,10
199,007_13nodes_random4regular.json,LR_SV_angle_opt.json,10
200,001_15nodes_3swap_layers.json,LR_SV_angle_opt.json,10
201,002_17nodes_1swap_layers.json,LR_SV_angle_opt.json,10
202,001_10nodes_4swap_layers.json,LR_SV_angle_opt.json,10
203,007_14nodes_random7regular.json,LR_SV_angle_opt.json,10
204,002_19nodes_8swap_layers.json,LR_SV_angle_opt.json,10
205,000_19nodes_erdosrenyi30percent.json,LR_SV_angle_opt.json,10
206,001_20nodes_4swap_layers.json,LR_SV_angle_opt.json,10
207,000_13nodes_erdosrenyi40percent.json,LR_SV_angle_opt.json,10
208,009_18nodes_random3regular.json,LR_SV_angle_opt.json,10
209,001_13nodes_erdosrenyi30percent.json,LR_SV_angle_opt.json,10
210,001_19nodes_3swap_layers.json,LR_SV_angle_opt.json,10
211,001_13nodes_random4regular.json,LR_SV_angle_opt.json,10
212,000_11nodes_erdosrenyi30percent.json,LR_SV_angle_opt.json,10
213,004_1_2_heavyhex_21nodes_weighted.json,LR_SV_angle_opt.json,10
214,006_10nodes_random5regular.json,LR_SV_angle_opt.json,10
215,002_20nodes_4swap_layers.json,LR_SV_angle_opt.json,10
216,009_1_1_heavyhex_12nodes_weighted.json,LR_SV_angle_opt.json,10
217,002_16nodes_2swap_layers.json,LR_SV_angle_opt.json,10
218,000_17nodes_erdosrenyi20percent.json,LR_SV_angle_opt.json,10
219,002_19nodes_9swap_layers.json,LR_SV_angle_opt.json,10
220,001_16nodes_9swap_layers.json,LR_SV_angle_opt.json,10
221,006_10nodes_random8regular.json,LR_SV_angle_opt.json,10
222,001_10nodes_1swap_layers.json,LR_SV_angle_opt.json,10
223,001_15nodes_8swap_layers.json,LR_SV_angle_opt.json,10
224,001_12nodes_random7regular.json,LR_SV_angle_opt.json,10
225,001_16nodes_1swap_layers.json,LR_SV_angle_opt.json,10
226,000_13nodes_erdosrenyi20percent.json,LR_SV_angle_opt.json,10
227,003_12nodes_random3regular.json,LR_SV_angle_opt.json,10
228,000_18nodes_erdosrenyi20percent.json,LR_SV_angle_opt.json,10
229,007_16nodes_random8regular.json,LR_SV_angle_opt.json,10
230,002_14nodes_10swap_layers.json,LR_SV_angle_opt.json,10
231,002_15nodes_4swap_layers.json,LR_SV_angle_opt.json,10
232,000_1_2_heavyhex_21nodes_weighted.json,LR_SV_angle_opt.json,10
233,002_14nodes_9swap_layers.json,LR_SV_angle_opt.json,10
234,001_16nodes_erdosrenyi30percent.json,LR_SV_angle_opt.json,10
235,006_18nodes_random4regular.json,LR_SV_angle_opt.json,10
236,004_16nodes_random3regular.json,LR_SV_angle_opt.json,10
237,003_1_1_heavyhex_12nodes_weighted.json,LR_SV_angle_opt.json,10
238,002_17nodes_4swap_layers.json,LR_SV_angle_opt.json,10
239,008_16nodes_random3regular.json,LR_SV_angle_opt.json,10
240,001_20nodes_7swap_layers.json,LR_SV_angle_opt.json,10
241,007_12nodes_random5regular.json,LR_SV_angle_opt.json,10
242,008_1_2_heavyhex_21nodes_weighted.json,LR_SV_angle_opt.json,10
243,002_19nodes_6swap_layers.json,LR_SV_angle_opt.json,10
244,000_11nodes_erdosrenyi20percent.json,LR_SV_angle_opt.json,10
245,002_20nodes_random3regular.json,LR_SV_angle_opt.json,10
246,001_16nodes_erdosrenyi40percent.json,LR_SV_angle_opt.json,10
247,001_17nodes_8swap_layers.json,LR_SV_angle_opt.json,10
248,001_17nodes_2swap_layers.json,LR_SV_angle_opt.json,10
249,000_16nodes_random3regular.json,LR_SV_angle_opt.json,10
250,001_10nodes_7swap_layers.json,LR_SV_angle_opt.json,10
251,001_20nodes_random8regular.json,LR_SV_angle_opt.json,10
252,002_18nodes_3swap_layers.json,LR_SV_angle_opt.json,10
253,007_14nodes_random5regular.json,LR_SV_angle_opt.json,10
254,002_17nodes_9swap_layers.json,LR_SV_angle_opt.json,10
255,001_14nodes_random8regular.json,LR_SV_angle_opt.json,10
256,001_12nodes_erdosrenyi30percent.json,LR_SV_angle_opt.json,10
257,001_10nodes_5swap_layers.json,LR_SV_angle_opt.json,10
258,001_16nodes_10swap_layers.json,LR_SV_angle_opt.json,10
259,000_19nodes_erdosrenyi20percent.json,LR_SV_angle_opt.json,10
260,000_15nodes_erdosrenyi50percent.json,LR_SV_angle_opt.json,10
261,001_12nodes_8swap_layers.json,LR_SV_angle_opt.json,10
262,000_14nodes_erdosrenyi40percent.json,LR_SV_angle_opt.json,10
263,001_20nodes_random7regular.json,LR_SV_angle_opt.json,10
264,006_14nodes_random5regular.json,LR_SV_angle_opt.json,10
265,001_18nodes_10swap_layers.json,LR_SV_angle_opt.json,10
266,006_12nodes_random9regular.json,LR_SV_angle_opt.json,10
267,001_18nodes_5swap_layers.json,LR_SV_angle_opt.json,10
268,006_12nodes_random3regular.json,LR_SV_angle_opt.json,10
269,001_19nodes_4swap_layers.json,LR_SV_angle_opt.json,10
270,006_19nodes_random6regular.json,LR_SV_angle_opt.json,10
271,001_17nodes_0swap_layers.json,LR_SV_angle_opt.json,10
272,002_17nodes_8swap_layers.json,LR_SV_angle_opt.json,10
273,007_10nodes_random9regular.json,LR_SV_angle_opt.json,10
274,007_12nodes_random7regular.json,LR_SV_angle_opt.json,10
275,006_15nodes_random6regular.json,LR_SV_angle_opt.json,10
276,006_12nodes_random6regular.json,LR_SV_angle_opt.json,10
277,001_10nodes_random8regular.json,LR_SV_angle_opt.json,10
278,001_20nodes_1swap_layers.json,LR_SV_angle_opt.json,10
279,007_10nodes_random4regular.json,LR_SV_angle_opt.json,10
280,001_18nodes_9swap_layers.json,LR_SV_angle_opt.json,10
281,002_18nodes_7swap_layers.json,LR_SV_angle_opt.json,10
282,001_10nodes_erdosrenyi20percent.json,LR_SV_angle_opt.json,10
283,002_14nodes_8swap_layers.json,LR_SV_angle_opt.json,10
284,002_1_2_heavyhex_21nodes_weighted.json,LR_SV_angle_opt.json,10
285,001_14nodes_6swap_layers.json,LR_SV_angle_opt.json,10
286,007_10nodes_random8regular.json,LR_SV_angle_opt.json,10
287,006_16nodes_random7regular.json,LR_SV_angle_opt.json,10
288,001_11nodes_random8regular.json,LR_SV_angle_opt.json,10
289,001_11nodes_random6regular.json,LR_SV_angle_opt.json,10
290,006_10nodes_random7regular.json,LR_SV_angle_opt.json,10
291,001_15nodes_random6regular.json,LR_SV_angle_opt.json,10
292,007_15nodes_random8regular.json,LR_SV_angle_opt.json,10
293,001_13nodes_5swap_layers.json,LR_SV_angle_opt.json,10
294,000_17nodes_erdosrenyi30percent.json,LR_SV_angle_opt.json,10
295,004_20nodes_erdosrenyi20percent.json,LR_SV_angle_opt.json,10
296,001_12nodes_4swap_layers.json,LR_SV_angle_opt.json,10
297,005_20nodes_erdosrenyi20percent.json,LR_SV_angle_opt.json,10
298,000_14nodes_erdosrenyi20percent.json,LR_SV_angle_opt.json,10
299,001_18nodes_erdosrenyi40percent.json,LR_SV_angle_opt.json,10
300,002_17nodes_7swap_layers.json,LR_SV_angle_opt.json,10
301,006_10nodes_random9regular.json,LR_SV_angle_opt.json,10
302,001_13nodes_1swap_layers.json,LR_SV_angle_opt.json,10
303,007_18nodes_random4regular.json,LR_SV_angle_opt.json,10
304,001_18nodes_6swap_layers.json,LR_SV_angle_opt.json,10
305,002_19nodes_1swap_layers.json,LR_SV_angle_opt.json,10
306,009_14nodes_random3regular.json,LR_SV_angle_opt.json,10
307,009_12nodes_random3regular.json,LR_SV_angle_opt.json,10
308,003_20nodes_erdosrenyi20percent.json,LR_SV_angle_opt.json,10
309,006_18nodes_random7regular.json,LR_SV_angle_opt.json,10
310,001_10nodes_2swap_layers.json,LR_SV_angle_opt.json,10
311,001_15nodes_10swap_layers.json,LR_SV_angle_opt.json,10
312,001_13nodes_random8regular.json,LR_SV_angle_opt.json,10
313,001_15nodes_1swap_layers.json,LR_SV_angle_opt.json,10
314,002_16nodes_random3regular.json,LR_SV_angle_opt.json,10
315,006_10nodes_random3regular.json,LR_SV_angle_opt.json,10
316,007_18nodes_random9regular.json,LR_SV_angle_opt.json,10
317,001_20nodes_10swap_layers.json,LR_SV_angle_opt.json,10
318,006_20nodes_erdosrenyi20percent.json,LR_SV_angle_opt.json,10
319,001_13nodes_0swap_layers.json,LR_SV_angle_opt.json,10
320,008_20nodes_random3regular.json,LR_SV_angle_opt.json,10
321,007_12nodes_random3regular.json,LR_SV_angle_opt.json,10
322,006_12nodes_random7regular.json,LR_SV_angle_opt.json,10
323,000_15nodes_erdosrenyi20percent.json,LR_SV_angle_opt.json,10
324,002_17nodes_10swap_layers.json,LR_SV_angle_opt.json,10
325,000_10nodes_random4regular.json,LR_SV_angle_opt.json,10
326,000_13nodes_erdosrenyi50percent.json,LR_SV_angle_opt.json,10
327,001_11nodes_erdosrenyi50percent.json,LR_SV_angle_opt.json,10
328,001_19nodes_6swap_layers.json,LR_SV_angle_opt.json,10
329,001_17nodes_3swap_layers.json,LR_SV_angle_opt.json,10
330,001_16nodes_8swap_layers.json,LR_SV_angle_opt.json,10
331,007_1_2_heavyhex_21nodes_weighted.json,LR_SV_angle_opt.json,10
332,001_17nodes_4swap_layers.json,LR_SV_angle_opt.json,10
333,005_1_1_heavyhex_12nodes_weighted.json,LR_SV_angle_opt.json,10
334,001_19nodes_7swap_layers.json,LR_SV_angle_opt.json,10
335,007_14nodes_random3regular.json,LR_SV_angle_opt.json,10
336,001_14nodes_0swap_layers.json,LR_SV_angle_opt.json,10
337,001_15nodes_erdosrenyi30percent.json,LR_SV_angle_opt.json,10
338,000_10nodes_erdosrenyi30percent.json,LR_SV_angle_opt.json,10
339,009_20nodes_random3regular.json,LR_SV_angle_opt.json,10
340,005_1_2_heavyhex_21nodes_weighted.json,LR_SV_angle_opt.json,10
341,001_13nodes_7swap_layers.json,LR_SV_angle_opt.json,10
342,002_14nodes_0swap_layers.json,LR_SV_angle_opt.json,10
343,001_13nodes_3swap_layers.json,LR_SV_angle_opt.json,10
344,000_16nodes_erdosrenyi20percent.json,LR_SV_angle_opt.json,10
345,002_16nodes_5swap_layers.json,LR_SV_angle_opt.json,10
346,002_14nodes_6swap_layers.json,LR_SV_angle_opt.json,10
347,007_12nodes_random4regular.json,LR_SV_angle_opt.json,10
348,002_16nodes_8swap_layers.json,LR_SV_angle_opt.json,10
349,001_13nodes_random6regular.json,LR_SV_angle_opt.json,10
350,001_14nodes_random3regular.json,LR_SV_angle_opt.json,10
351,002_16nodes_7swap_layers.json,LR_SV_angle_opt.json,10
352,002_20nodes_10swap_layers.json,LR_SV_angle_opt.json,10
353,006_12nodes_random4regular.json,LR_SV_angle_opt.json,10
354,001_16nodes_3swap_layers.json,LR_SV_angle_opt.json,10
355,006_18nodes_random6regular.json,LR_SV_angle_opt.json,10
356,001_14nodes_random4regular.json,LR_SV_angle_opt.json,10
357,000_16nodes_erdosrenyi50percent.json,LR_SV_angle_opt.json,10
358,001_20nodes_3swap_layers.json,LR_SV_angle_opt.json,10
359,000_16nodes_erdosrenyi30percent.json,LR_SV_angle_opt.json,10
360,000_10nodes_erdosrenyi50percent.json,LR_SV_angle_opt.json,10
361,002_19nodes_3swap_layers.json,LR_SV_angle_opt.json,10
362,001_16nodes_0swap_layers.json,LR_SV_angle_opt.json,10
363,008_12nodes_random3regular.json,LR_SV_angle_opt.json,10
364,001_13nodes_2swap_layers.json,LR_SV_angle_opt.json,10
365,001_14nodes_random6regular.json,LR_SV_angle_opt.json,10
366,006_11nodes_random8regular.json,LR_SV_angle_opt.json,10
367,001_14nodes_9swap_layers.json,LR_SV_angle_opt.json,10
368,000_18nodes_erdosrenyi50percent.json,LR_SV_angle_opt.json,10
369,001_13nodes_6swap_layers.json,LR_SV_angle_opt.json,10
370,000_20nodes_random3regular.json,LR_SV_angle_opt.json,10
371,008_1_1_heavyhex_12nodes_weighted.json,LR_SV_angle_opt.json,10
372,002_18nodes_5swap_layers.json,LR_SV_angle_opt.json,10
373,002_16nodes_3swap_layers.json,LR_SV_angle_opt.json,10
374,002_17nodes_5swap_layers.json,LR_SV_angle_opt.json,10
375,007_19nodes_random6regular.json,LR_SV_angle_opt.json,10
376,007_10nodes_random7regular.json,LR_SV_angle_opt.json,10
377,007_20nodes_random3regular.json,LR_SV_angle_opt.json,10
378,006_13nodes_random6regular.json,LR_SV_angle_opt.json,10
379,001_12nodes_erdosrenyi40percent.json,LR_SV_angle_opt.json,10
380,001_15nodes_9swap_layers.json,LR_SV_angle_opt.json,10
381,007_10nodes_random6regular.json,LR_SV_angle_opt.json,10
382,006_17nodes_random4regular.json,LR_SV_angle_opt.json,10
383,002_14nodes_3swap_layers.json,LR_SV_angle_opt.json,10
384,009_10nodes_random3regular.json,LR_SV_angle_opt.json,10
385,001_15nodes_2swap_layers.json,LR_SV_angle_opt.json,10
386,001_15nodes_6swap_layers.json,LR_SV_angle_opt.json,10
387,006_16nodes_random6regular.json,LR_SV_angle_opt.json,10
388,000_16nodes_erdosrenyi40percent.json,LR_SV_angle_opt.json,10
389,001_14nodes_5swap_layers.json,LR_SV_angle_opt.json,10
390,001_11nodes_erdosrenyi40percent.json,LR_SV_angle_opt.json,10
391,001_17nodes_5swap_layers.json,LR_SV_angle_opt.json,10
392,006_1_2_heavyhex_21nodes_weighted.json,LR_SV_angle_opt.json,10
393,002_15nodes_9swap_layers.json,LR_SV_angle_opt.json,10
394,009_1_2_heavyhex_21nodes_weighted.json,LR_SV_angle_opt.json,10
395,000_20nodes_erdosrenyi40percent.json,LR_SV_angle_opt.json,10
396,001_19nodes_8swap_layers.json,LR_SV_angle_opt.json,10
397,001_20nodes_0swap_layers.json,LR_SV_angle_opt.json,10
398,001_17nodes_1swap_layers.json,LR_SV_angle_opt.json,10
399,002_20nodes_8swap_layers.json,LR_SV_angle_opt.json,10
400,001_20nodes_random4regular.json,LR_SV_angle_opt.json,10
401,002_12nodes_random3regular.json,LR_SV_angle_opt.json,10
402,001_12nodes_0swap_layers.json,LR_SV_angle_opt.json,10
403,007_18nodes_random3regular.json,LR_SV_angle_opt.json,10
404,001_20nodes_random9regular.json,LR_SV_angle_opt.json,10
405,001_20nodes_5swap_layers.json,LR_SV_angle_opt.json,10
406,004_10nodes_random3regular.json,LR_SV_angle_opt.json,10
407,001_18nodes_8swap_layers.json,LR_SV_angle_opt.json,10
408,001_19nodes_erdosrenyi30percent.json,LR_SV_angle_opt.json,10
409,000_15nodes_erdosrenyi40percent.json,LR_SV_angle_opt.json,10
410,001_14nodes_erdosrenyi20percent.json,LR_SV_angle_opt.json,10
411,007_1_1_heavyhex_12nodes_weighted.json,LR_SV_angle_opt.json,10
412,002_19nodes_10swap_layers.json,LR_SV_angle_opt.json,10
413,000_20nodes_erdosrenyi20percent.json,LR_SV_angle_opt.json,10
414,002_19nodes_7swap_layers.json,LR_SV_angle_opt.json,10
415,002_16nodes_6swap_layers.json,LR_SV_angle_opt.json,10
416,002_18nodes_random3regular.json,LR_SV_angle_opt.json,10
417,000_17nodes_erdosrenyi40percent.json,LR_SV_angle_opt.json,10
418,002_19nodes_0swap_layers.json,LR_SV_angle_opt.json,10
419,007_11nodes_random8regular.json,LR_SV_angle_opt.json,10
420,001_18nodes_1swap_layers.json,LR_SV_angle_opt.json,10
421,002_18nodes_4swap_layers.json,LR_SV_angle_opt.json,10
422,001_16nodes_4swap_layers.json,LR_SV_angle_opt.json,10
423,001_14nodes_erdosrenyi50percent.json,LR_SV_angle_opt.json,10
424,001_17nodes_erdosrenyi20percent.json,LR_SV_angle_opt.json,10
425,002_16nodes_0swap_layers.json,LR_SV_angle_opt.json,10
426,001_12nodes_2swap_layers.json,LR_SV_angle_opt.json,10
427,002_18nodes_6swap_layers.json,LR_SV_angle_opt.json,10
428,003_20nodes_random3regular.json,LR_SV_angle_opt.json,10
429,001_11nodes_erdosrenyi20percent.json,LR_SV_angle_opt.json,10
430,001_20nodes_8swap_layers.json,LR_SV_angle_opt.json,10
431,006_12nodes_random5regular.json,LR_SV_angle_opt.json,10
432,002_16nodes_9swap_layers.json,LR_SV_angle_opt.json,10
433,004_18nodes_random3regular.json,LR_SV_angle_opt.json,10
434,001_17nodes_9swap_layers.json,LR_SV_angle_opt.json,10
435,001_15nodes_5swap_layers.json,LR_SV_angle_opt.json,10
436,001_16nodes_7swap_layers.json,LR_SV_angle_opt.json,10
437,000_14nodes_erdosrenyi50percent.json,LR_SV_angle_opt.json,10
438,006_18nodes_random3regular.json,LR_SV_angle_opt.json,10
439,002_15nodes_8swap_layers.json,LR_SV_angle_opt.json,10
440,001_15nodes_7swap_layers.json,LR_SV_angle_opt.json,10
441,001_10nodes_erdosrenyi40percent.json,LR_SV_angle_opt.json,10
442,001_14nodes_4swap_layers.json,LR_SV_angle_opt.json,10
443,007_14nodes_random4regular.json,LR_SV_angle_opt.json,10
444,006_16nodes_random3regular.json,LR_SV_angle_opt.json,10
445,007_13nodes_random6regular.json,LR_SV_angle_opt.json,10
446,001_17nodes_erdosrenyi30percent.json,LR_SV_angle_opt.json,10
447,000_15nodes_erdosrenyi30percent.json,LR_SV_angle_opt.json,10
448,000_12nodes_erdosrenyi50percent.json,LR_SV_angle_opt.json,10
449,002_20nodes_0swap_layers.json,LR_SV_angle_opt.json,10
450,002_18nodes_0swap_layers.json,LR_SV_angle_opt.json,10
451,002_17nodes_6swap_layers.json,LR_SV_angle_opt.json,10
452,001_14nodes_random7regular.json,LR_SV_angle_opt.json,10
453,006_16nodes_random8regular.json,LR_SV_angle_opt.json,10
454,008_14nodes_random3regular.json,LR_SV_angle_opt.json,10
455,001_12nodes_10swap_layers.json,LR_SV_angle_opt.json,10
456,001_16nodes_random3regular.json,LR_SV_angle_opt.json,10
457,007_14nodes_random6regular.json,LR_SV_angle_opt.json,10
458,002_15nodes_1swap_layers.json,LR_SV_angle_opt.json,10
459,006_13nodes_random8regular.json,LR_SV_angle_opt.json,10
460,001_12nodes_random9regular.json,LR_SV_angle_opt.json,10
461,001_19nodes_0swap_layers.json,LR_SV_angle_opt.json,10
462,001_20nodes_6swap_layers.json,LR_SV_angle_opt.json,10
463,007_18nodes_random7regular.json,LR_SV_angle_opt.json,10
464,002_17nodes_0swap_layers.json,LR_SV_angle_opt.json,10
465,003_14nodes_random3regular.json,LR_SV_angle_opt.json,10
466,007_10nodes_random3regular.json,LR_SV_angle_opt.json,10
467,001_12nodes_random3regular.json,LR_SV_angle_opt.json,10
468,001_14nodes_2swap_layers.json,LR_SV_angle_opt.json,10
469,001_10nodes_random6regular.json,LR_SV_angle_opt.json,10
470,000_20nodes_erdosrenyi50percent.json,LR_SV_angle_opt.json,10
471,007_19nodes_random4regular.json,LR_SV_angle_opt.json,10
472,001_10nodes_erdosrenyi50percent.json,LR_SV_angle_opt.json,10
473,000_1_1_heavyhex_12nodes_weighted.json,LR_SV_angle_opt.json,10
474,002_17nodes_3swap_layers.json,LR_SV_angle_opt.json,10
475,002_16nodes_10swap_layers.json,LR_SV_angle_opt.json,10
476,009_12nodes_random3regular.json,I_SV.json,10
477,008_18nodes_random3regular.json,I_SV.json,10
478,000_10nodes_random4regular.json,I_SV.json,10
479,000_19nodes_erdosrenyi40percent.json,I_SV.json,10
480,008_10nodes_random3regular.json,I_SV.json,10
481,008_12nodes_random3regular.json,I_SV.json,10
482,000_19nodes_erdosrenyi50percent.json,I_SV.json,10
483,003_16nodes_random3regular.json,I_SV.json,10
484,005_14nodes_random3regular.json,I_SV.json,10
485,004_12nodes_random3regular.json,I_SV.json,10
486,003_12nodes_random3regular.json,I_SV.json,10
487,002_18nodes_random3regular.json,I_SV.json,10
488,005_18nodes_random3regular.json,I_SV.json,10
489,002_14nodes_random3regular.json,I_SV.json,10
490,009_16nodes_random3regular.json,I_SV.json,10
491,002_16nodes_random3regular.json,I_SV.json,10
492,009_18nodes_random3regular.json,I_SV.json,10
493,008_14nodes_random3regular.json,I_SV.json,10
494,002_10nodes_random3regular.json,I_SV.json,10
495,005_16nodes_random3regular.json,I_SV.json,10
496,005_12nodes_random3regular.json,I_SV.json,10
497,004_14nodes_random3regular.json,I_SV.json,10
498,002_12nodes_random3regular.json,I_SV.json,10
499,003_18nodes_random3regular.json,I_SV.json,10
500,004_16nodes_random3regular.json,I_SV.json,10
501,003_14nodes_random3regular.json,I_SV.json,10
502,004_10nodes_random3regular.json,I_SV.json,10
503,008_16nodes_random3regular.json,I_SV.json,10
504,009_10nodes_random3regular.json,I_SV.json,10
505,003_10nodes_random3regular.json,I_SV.json,10
506,005_10nodes_random3regular.json,I_SV.json,10
507,004_18nodes_random3regular.json,I_SV.json,10
508,009_14nodes_random3regular.json,I_SV.json,10
509,009_12nodes_random3regular.json,TQA_SV_opt.json,10
510,000_10nodes_random4regular.json,TQA_SV_opt.json,10
511,008_18nodes_random3regular.json,TQA_SV_opt.json,10
512,000_19nodes_erdosrenyi40percent.json,TQA_SV_opt.json,10
513,008_10nodes_random3regular.json,TQA_SV_opt.json,10
514,008_12nodes_random3regular.json,TQA_SV_opt.json,10
515,000_19nodes_erdosrenyi50percent.json,TQA_SV_opt.json,10
516,003_16nodes_random3regular.json,TQA_SV_opt.json,10
517,005_14nodes_random3regular.json,TQA_SV_opt.json,10
518,004_12nodes_random3regular.json,TQA_SV_opt.json,10
519,003_12nodes_random3regular.json,TQA_SV_opt.json,10
520,002_18nodes_random3regular.json,TQA_SV_opt.json,10
521,005_18nodes_random3regular.json,TQA_SV_opt.json,10
522,002_14nodes_random3regular.json,TQA_SV_opt.json,10
523,009_16nodes_random3regular.json,TQA_SV_opt.json,10
524,002_16nodes_random3regular.json,TQA_SV_opt.json,10
525,009_18nodes_random3regular.json,TQA_SV_opt.json,10
526,008_14nodes_random3regular.json,TQA_SV_opt.json,10
527,002_10nodes_random3regular.json,TQA_SV_opt.json,10
528,005_16nodes_random3regular.json,TQA_SV_opt.json,10
529,005_12nodes_random3regular.json,TQA_SV_opt.json,10
530,004_14nodes_random3regular.json,TQA_SV_opt.json,10
531,002_12nodes_random3regular.json,TQA_SV_opt.json,10
532,003_18nodes_random3regular.json,TQA_SV_opt.json,10
533,004_16nodes_random3regular.json,TQA_SV_opt.json,10
534,003_14nodes_random3regular.json,TQA_SV_opt.json,10
535,004_10nodes_random3regular.json,TQA_SV_opt.json,10
536,008_16nodes_random3regular.json,TQA_SV_opt.json,10
537,009_10nodes_random3regular.json,TQA_SV_opt.json,10
538,003_10nodes_random3regular.json,TQA_SV_opt.json,10
539,005_10nodes_random3regular.json,TQA_SV_opt.json,10
540,004_18nodes_random3regular.json,TQA_SV_opt.json,10
541,009_14nodes_random3regular.json,TQA_SV_opt.json,10
542,009_12nodes_random3regular.json,FA_SV_opt.json,10
543,008_18nodes_random3regular.json,FA_SV_opt.json,10
544,008_10nodes_random3regular.json,FA_SV_opt.json,10
545,008_12nodes_random3regular.json,FA_SV_opt.json,10
546,003_16nodes_random3regular.json,FA_SV_opt.json,10
547,005_14nodes_random3regular.json,FA_SV_opt.json,10
548,004_12nodes_random3regular.json,FA_SV_opt.json,10
549,003_12nodes_random3regular.json,FA_SV_opt.json,10
550,002_18nodes_random3regular.json,FA_SV_opt.json,10
551,005_18nodes_random3regular.json,FA_SV_opt.json,10
552,002_14nodes_random3regular.json,FA_SV_opt.json,10
553,009_16nodes_random3regular.json,FA_SV_opt.json,10
554,002_16nodes_random3regular.json,FA_SV_opt.json,10
555,009_18nodes_random3regular.json,FA_SV_opt.json,10
556,008_14nodes_random3regular.json,FA_SV_opt.json,10
557,002_10nodes_random3regular.json,FA_SV_opt.json,10
558,005_16nodes_random3regular.json,FA_SV_opt.json,10
559,005_12nodes_random3regular.json,FA_SV_opt.json,10
560,004_14nodes_random3regular.json,FA_SV_opt.json,10
561,002_12nodes_random3regular.json,FA_SV_opt.json,10
562,003_18nodes_random3regular.json,FA_SV_opt.json,10
563,004_16nodes_random3regular.json,FA_SV_opt.json,10
564,003_14nodes_random3regular.json,FA_SV_opt.json,10
565,004_10nodes_random3regular.json,FA_SV_opt.json,10
566,008_16nodes_random3regular.json,FA_SV_opt.json,10
567,009_10nodes_random3regular.json,FA_SV_opt.json,10
568,003_10nodes_random3regular.json,FA_SV_opt.json,10
569,005_10nodes_random3regular.json,FA_SV_opt.json,10
570,004_18nodes_random3regular.json,FA_SV_opt.json,10
571,009_14nodes_random3regular.json,FA_SV_opt.json,10
572,000_10nodes_random4regular.json,F_SV.json,10
573,008_18nodes_random3regular.json,F_SV.json,10
574,009_12nodes_random3regular.json,F_SV.json,10
575,000_19nodes_erdosrenyi40percent.json,F_SV.json,10
576,008_10nodes_random3regular.json,F_SV.json,10
577,008_12nodes_random3regular.json,F_SV.json,10
578,000_19nodes_erdosrenyi50percent.json,F_SV.json,10
579,003_16nodes_random3regular.json,F_SV.json,10
580,005_14nodes_random3regular.json,F_SV.json,10
581,004_12nodes_random3regular.json,F_SV.json,10
582,003_12nodes_random3regular.json,F_SV.json,10
583,002_18nodes_random3regular.json,F_SV.json,10
584,005_18nodes_random3regular.json,F_SV.json,10
585,009_16nodes_random3regular.json,F_SV.json,10
586,002_14nodes_random3regular.json,F_SV.json,10
587,002_16nodes_random3regular.json,F_SV.json,10
588,009_18nodes_random3regular.json,F_SV.json,10
589,008_14nodes_random3regular.json,F_SV.json,10
590,002_10nodes_random3regular.json,F_SV.json,10
591,005_16nodes_random3regular.json,F_SV.json,10
592,005_12nodes_random3regular.json,F_SV.json,10
593,004_14nodes_random3regular.json,F_SV.json,10
594,002_12nodes_random3regular.json,F_SV.json,10
595,003_18nodes_random3regular.json,F_SV.json,10
596,004_16nodes_random3regular.json,F_SV.json,10
597,003_14nodes_random3regular.json,F_SV.json,10
598,004_10nodes_random3regular.json,F_SV.json,10
599,008_16nodes_random3regular.json,F_SV.json,10
600,009_10nodes_random3regular.json,F_SV.json,10
601,003_10nodes_random3regular.json,F_SV.json,10
602,005_10nodes_random3regular.json,F_SV.json,10
603,004_18nodes_random3regular.json,F_SV.json,10
604,009_14nodes_random3regular.json,F_SV.json,10
605,009_12nodes_random3regular.json,TS_SV.json,10
606,000_10nodes_random4regular.json,TS_SV.json,10
607,008_18nodes_random3regular.json,TS_SV.json,10
608,000_19nodes_erdosrenyi40percent.json,TS_SV.json,10
609,008_10nodes_random3regular.json,TS_SV.json,10
610,008_12nodes_random3regular.json,TS_SV.json,10
611,000_19nodes_erdosrenyi50percent.json,TS_SV.json,10
612,003_16nodes_random3regular.json,TS_SV.json,10
613,004_20nodes_random3regular.json,TS_SV.json,10
614,005_14nodes_random3regular.json,TS_SV.json,10
615,004_12nodes_random3regular.json,TS_SV.json,10
616,003_12nodes_random3regular.json,TS_SV.json,10
617,002_18nodes_random3regular.json,TS_SV.json,10
618,009_20nodes_random3regular.json,TS_SV.json,10
619,005_18nodes_random3regular.json,TS_SV.json,10
620,002_14nodes_random3regular.json,TS_SV.json,10
621,009_16nodes_random3regular.json,TS_SV.json,10
622,002_16nodes_random3regular.json,TS_SV.json,10
623,009_18nodes_random3regular.json,TS_SV.json,10
624,008_14nodes_random3regular.json,TS_SV.json,10
625,002_10nodes_random3regular.json,TS_SV.json,10
626,005_16nodes_random3regular.json,TS_SV.json,10
627,008_20nodes_random3regular.json,TS_SV.json,10
628,005_12nodes_random3regular.json,TS_SV.json,10
629,006_20nodes_random3regular.json,TS_SV.json,10
630,007_20nodes_random3regular.json,TS_SV.json,10
631,004_14nodes_random3regular.json,TS_SV.json,10
632,002_12nodes_random3regular.json,TS_SV.json,10
633,003_18nodes_random3regular.json,TS_SV.json,10
634,004_16nodes_random3regular.json,TS_SV.json,10
635,003_14nodes_random3regular.json,TS_SV.json,10
636,004_10nodes_random3regular.json,TS_SV.json,10
637,008_16nodes_random3regular.json,TS_SV.json,10
638,009_10nodes_random3regular.json,TS_SV.json,10
639,005_20nodes_random3regular.json,TS_SV.json,10
640,003_10nodes_random3regular.json,TS_SV.json,10
641,005_10nodes_random3regular.json,TS_SV.json,10
642,004_18nodes_random3regular.json,TS_SV.json,10
643,009_14nodes_random3regular.json,TS_SV.json,10
644,001_7_2_heavyhex_105nodes_weighted.json,RTS_MPS.json,10
645,003_70nodes_random3regular.json,RTS_MPS.json,10
646,005_30nodes_random3regular.json,RTS_MPS.json,10
647,000_4_1_heavyhex_39nodes_weighted.json,RTS_MPS.json,10
648,007_30nodes_random3regular.json,RTS_MPS.json,10
649,004_30nodes_random3regular.json,RTS_MPS.json,10
650,009_7_2_heavyhex_105nodes_weighted.json,RTS_MPS.json,10
651,008_70nodes_random3regular.json,RTS_MPS.json,10
652,001_100nodes_random4regular.json,RTS_MPS.json,10
653,004_60nodes_random4regular.json,RTS_MPS.json,10
654,008_40nodes_random3regular.json,RTS_MPS.json,10
655,000_40nodes_random3regular.json,RTS_MPS.json,10
656,006_40nodes_erdosrenyi20percent.json,RTS_MPS.json,10
657,009_4_1_heavyhex_39nodes_weighted.json,RTS_MPS.json,10
658,006_60nodes_random4regular.json,RTS_MPS.json,10
659,009_60nodes_random4regular.json,RTS_MPS.json,10
660,004_7_2_heavyhex_105nodes_weighted.json,RTS_MPS.json,10
661,000_30nodes_random3regular.json,RTS_MPS.json,10
662,003_30nodes_random3regular.json,RTS_MPS.json,10
663,001_40nodes_random3regular.json,RTS_MPS.json,10
664,002_40nodes_random3regular.json,RTS_MPS.json,10
665,007_4_1_heavyhex_39nodes_weighted.json,RTS_MPS.json,10
666,009_40nodes_random3regular.json,RTS_MPS.json,10
667,003_40nodes_erdosrenyi20percent.json,RTS_MPS.json,10
668,004_4_1_heavyhex_39nodes_weighted.json,RTS_MPS.json,10
669,003_40nodes_random3regular.json,RTS_MPS.json,10
670,004_70nodes_random3regular.json,RTS_MPS.json,10
671,005_40nodes_erdosrenyi20percent.json,RTS_MPS.json,10
672,005_7_2_heavyhex_105nodes_weighted.json,RTS_MPS.json,10
673,006_7_2_heavyhex_105nodes_weighted.json,RTS_MPS.json,10
674,007_7_2_heavyhex_105nodes_weighted.json,RTS_MPS.json,10
675,001_4_1_heavyhex_39nodes_weighted.json,RTS_MPS.json,10
676,009_30nodes_random3regular.json,RTS_MPS.json,10
677,001_100nodes_random6regular.json,RTS_MPS.json,10
678,003_4_1_heavyhex_39nodes_weighted.json,RTS_MPS.json,10
679,005_4_1_heavyhex_39nodes_weighted.json,RTS_MPS.json,10
680,002_70nodes_random3regular.json,RTS_MPS.json,10
681,000_70nodes_random3regular.json,RTS_MPS.json,10
682,001_60nodes_random4regular.json,RTS_MPS.json,10
683,005_60nodes_random4regular.json,RTS_MPS.json,10
684,002_4_1_heavyhex_39nodes_weighted.json,RTS_MPS.json,10
685,008_7_2_heavyhex_105nodes_weighted.json,RTS_MPS.json,10
686,001_30nodes_random3regular.json,RTS_MPS.json,10
687,006_30nodes_random3regular.json,RTS_MPS.json,10
688,009_40nodes_erdosrenyi20percent.json,RTS_MPS.json,10
689,002_7_2_heavyhex_105nodes_weighted.json,RTS_MPS.json,10
690,000_7_2_heavyhex_105nodes_weighted.json,RTS_MPS.json,10
691,001_40nodes_erdosrenyi20percent.json,RTS_MPS.json,10
692,000_60nodes_random4regular.json,RTS_MPS.json,10
693,002_60nodes_random4regular.json,RTS_MPS.json,10
694,000_100nodes_random3regular.json,RTS_MPS.json,10
695,001_100nodes_random8regular.json,RTS_MPS.json,10
696,002_40nodes_erdosrenyi20percent.json,RTS_MPS.json,10
697,007_60nodes_random4regular.json,RTS_MPS.json,10
698,002_30nodes_random3regular.json,RTS_MPS.json,10
699,001_100nodes_random5regular.json,RTS_MPS.json,10
700,003_7_2_heavyhex_105nodes_weighted.json,RTS_MPS.json,10
701,006_4_1_heavyhex_39nodes_weighted.json,RTS_MPS.json,10
702,001_70nodes_random3regular.json,RTS_MPS.json,10
703,001_100nodes_random9regular.json,RTS_MPS.json,10
704,003_60nodes_random4regular.json,RTS_MPS.json,10
705,007_40nodes_erdosrenyi20percent.json,RTS_MPS.json,10
706,008_40nodes_erdosrenyi20percent.json,RTS_MPS.json,10
707,004_40nodes_random3regular.json,RTS_MPS.json,10
708,006_70nodes_random3regular.json,RTS_MPS.json,10
709,008_4_1_heavyhex_39nodes_weighted.json,RTS_MPS.json,10
710,005_40nodes_random3regular.json,RTS_MPS.json,10
711,000_5_3_heavyhex_106nodes_weighted.json,RTS_MPS.json,10
712,001_100nodes_random7regular.json,RTS_MPS.json,10
713,006_40nodes_random3regular.json,RTS_MPS.json,10
714,008_30nodes_random3regular.json,RTS_MPS.json,10
715,007_70nodes_random3regular.json,RTS_MPS.json,10
716,009_70nodes_random3regular.json,RTS_MPS.json,10
717,005_70nodes_random3regular.json,RTS_MPS.json,10
718,008_60nodes_random4regular.json,RTS_MPS.json,10
719,007_40nodes_random3regular.json,RTS_MPS.json,10
720,000_40nodes_erdosrenyi20percent.json,RTS_MPS.json,10
721,004_40nodes_erdosrenyi20percent.json,RTS_MPS.json,10
722,006_70nodes_random3regular.json,TQA_MPS_opt.json,10
723,001_30nodes_random3regular.json,TQA_MPS_opt.json,10
724,006_30nodes_random3regular.json,TQA_MPS_opt.json,10
725,005_30nodes_random3regular.json,TQA_MPS_opt.json,10
726,003_70nodes_random3regular.json,TQA_MPS_opt.json,10
727,001_100nodes_random7regular.json,TQA_MPS_opt.json,10
728,004_70nodes_random3regular.json,TQA_MPS_opt.json,10
729,007_30nodes_random3regular.json,TQA_MPS_opt.json,10
730,004_30nodes_random3regular.json,TQA_MPS_opt.json,10
731,000_60nodes_random4regular.json,TQA_MPS_opt.json,10
732,008_30nodes_random3regular.json,TQA_MPS_opt.json,10
733,007_70nodes_random3regular.json,TQA_MPS_opt.json,10
734,002_60nodes_random4regular.json,TQA_MPS_opt.json,10
735,008_70nodes_random3regular.json,TQA_MPS_opt.json,10
736,009_30nodes_random3regular.json,TQA_MPS_opt.json,10
737,009_70nodes_random3regular.json,TQA_MPS_opt.json,10
738,001_100nodes_random8regular.json,TQA_MPS_opt.json,10
739,001_100nodes_random4regular.json,TQA_MPS_opt.json,10
740,007_60nodes_random4regular.json,TQA_MPS_opt.json,10
741,005_70nodes_random3regular.json,TQA_MPS_opt.json,10
742,004_60nodes_random4regular.json,TQA_MPS_opt.json,10
743,002_30nodes_random3regular.json,TQA_MPS_opt.json,10
744,001_100nodes_random6regular.json,TQA_MPS_opt.json,10
745,001_100nodes_random5regular.json,TQA_MPS_opt.json,10
746,008_60nodes_random4regular.json,TQA_MPS_opt.json,10
747,002_70nodes_random3regular.json,TQA_MPS_opt.json,10
748,001_70nodes_random3regular.json,TQA_MPS_opt.json,10
749,006_60nodes_random4regular.json,TQA_MPS_opt.json,10
750,009_60nodes_random4regular.json,TQA_MPS_opt.json,10
751,001_100nodes_random9regular.json,TQA_MPS_opt.json,10
752,003_60nodes_random4regular.json,TQA_MPS_opt.json,10
753,000_70nodes_random3regular.json,TQA_MPS_opt.json,10
754,001_60nodes_random4regular.json,TQA_MPS_opt.json,10
755,005_60nodes_random4regular.json,TQA_MPS_opt.json,10
756,000_30nodes_random3regular.json,TQA_MPS_opt.json,10
757,003_30nodes_random3regular.json,TQA_MPS_opt.json,10
758,001_7_2_heavyhex_105nodes_weighted.json,LR_MPS_angle_opt.json,10
759,005_30nodes_random3regular.json,LR_MPS_angle_opt.json,10
760,003_70nodes_random3regular.json,LR_MPS_angle_opt.json,10
761,000_4_1_heavyhex_39nodes_weighted.json,LR_MPS_angle_opt.json,10
762,007_30nodes_random3regular.json,LR_MPS_angle_opt.json,10
763,004_30nodes_random3regular.json,LR_MPS_angle_opt.json,10
764,009_7_2_heavyhex_105nodes_weighted.json,LR_MPS_angle_opt.json,10
765,008_70nodes_random3regular.json,LR_MPS_angle_opt.json,10
766,001_100nodes_random4regular.json,LR_MPS_angle_opt.json,10
767,004_60nodes_random4regular.json,LR_MPS_angle_opt.json,10
768,008_40nodes_random3regular.json,LR_MPS_angle_opt.json,10
769,000_40nodes_random3regular.json,LR_MPS_angle_opt.json,10
770,006_40nodes_erdosrenyi20percent.json,LR_MPS_angle_opt.json,10
771,009_4_1_heavyhex_39nodes_weighted.json,LR_MPS_angle_opt.json,10
772,006_60nodes_random4regular.json,LR_MPS_angle_opt.json,10
773,009_60nodes_random4regular.json,LR_MPS_angle_opt.json,10
774,004_7_2_heavyhex_105nodes_weighted.json,LR_MPS_angle_opt.json,10
775,000_30nodes_random3regular.json,LR_MPS_angle_opt.json,10
776,003_30nodes_random3regular.json,LR_MPS_angle_opt.json,10
777,001_40nodes_random3regular.json,LR_MPS_angle_opt.json,10
778,002_40nodes_random3regular.json,LR_MPS_angle_opt.json,10
779,007_4_1_heavyhex_39nodes_weighted.json,LR_MPS_angle_opt.json,10
780,009_40nodes_random3regular.json,LR_MPS_angle_opt.json,10
781,003_40nodes_erdosrenyi20percent.json,LR_MPS_angle_opt.json,10
782,004_4_1_heavyhex_39nodes_weighted.json,LR_MPS_angle_opt.json,10
783,003_40nodes_random3regular.json,LR_MPS_angle_opt.json,10
784,004_70nodes_random3regular.json,LR_MPS_angle_opt.json,10
785,005_40nodes_erdosrenyi20percent.json,LR_MPS_angle_opt.json,10
786,005_7_2_heavyhex_105nodes_weighted.json,LR_MPS_angle_opt.json,10
787,006_7_2_heavyhex_105nodes_weighted.json,LR_MPS_angle_opt.json,10
788,007_7_2_heavyhex_105nodes_weighted.json,LR_MPS_angle_opt.json,10
789,001_4_1_heavyhex_39nodes_weighted.json,LR_MPS_angle_opt.json,10
790,009_30nodes_random3regular.json,LR_MPS_angle_opt.json,10
791,001_100nodes_random6regular.json,LR_MPS_angle_opt.json,10
792,003_4_1_heavyhex_39nodes_weighted.json,LR_MPS_angle_opt.json,10
793,005_4_1_heavyhex_39nodes_weighted.json,LR_MPS_angle_opt.json,10
794,002_70nodes_random3regular.json,LR_MPS_angle_opt.json,10
795,000_70nodes_random3regular.json,LR_MPS_angle_opt.json,10
796,001_60nodes_random4regular.json,LR_MPS_angle_opt.json,10
797,005_60nodes_random4regular.json,LR_MPS_angle_opt.json,10
798,002_4_1_heavyhex_39nodes_weighted.json,LR_MPS_angle_opt.json,10
799,008_7_2_heavyhex_105nodes_weighted.json,LR_MPS_angle_opt.json,10
800,001_30nodes_random3regular.json,LR_MPS_angle_opt.json,10
801,006_30nodes_random3regular.json,LR_MPS_angle_opt.json,10
802,009_40nodes_erdosrenyi20percent.json,LR_MPS_angle_opt.json,10
803,002_7_2_heavyhex_105nodes_weighted.json,LR_MPS_angle_opt.json,10
804,000_7_2_heavyhex_105nodes_weighted.json,LR_MPS_angle_opt.json,10
805,001_40nodes_erdosrenyi20percent.json,LR_MPS_angle_opt.json,10
806,000_60nodes_random4regular.json,LR_MPS_angle_opt.json,10
807,002_60nodes_random4regular.json,LR_MPS_angle_opt.json,10
808,000_100nodes_random3regular.json,LR_MPS_angle_opt.json,10
809,001_100nodes_random8regular.json,LR_MPS_angle_opt.json,10
810,002_40nodes_erdosrenyi20percent.json,LR_MPS_angle_opt.json,10
811,007_60nodes_random4regular.json,LR_MPS_angle_opt.json,10
812,002_30nodes_random3regular.json,LR_MPS_angle_opt.json,10
813,003_7_2_heavyhex_105nodes_weighted.json,LR_MPS_angle_opt.json,10
814,001_100nodes_random5regular.json,LR_MPS_angle_opt.json,10
815,006_4_1_heavyhex_39nodes_weighted.json,LR_MPS_angle_opt.json,10
816,001_70nodes_random3regular.json,LR_MPS_angle_opt.json,10
817,001_100nodes_random9regular.json,LR_MPS_angle_opt.json,10
818,003_60nodes_random4regular.json,LR_MPS_angle_opt.json,10
819,007_40nodes_erdosrenyi20percent.json,LR_MPS_angle_opt.json,10
820,008_40nodes_erdosrenyi20percent.json,LR_MPS_angle_opt.json,10
821,004_40nodes_random3regular.json,LR_MPS_angle_opt.json,10
822,008_4_1_heavyhex_39nodes_weighted.json,LR_MPS_angle_opt.json,10
823,006_70nodes_random3regular.json,LR_MPS_angle_opt.json,10
824,005_40nodes_random3regular.json,LR_MPS_angle_opt.json,10
825,000_5_3_heavyhex_106nodes_weighted.json,LR_MPS_angle_opt.json,10
826,001_100nodes_random7regular.json,LR_MPS_angle_opt.json,10
827,006_40nodes_random3regular.json,LR_MPS_angle_opt.json,10
828,008_30nodes_random3regular.json,LR_MPS_angle_opt.json,10
829,007_70nodes_random3regular.json,LR_MPS_angle_opt.json,10
830,009_70nodes_random3regular.json,LR_MPS_angle_opt.json,10
831,005_70nodes_random3regular.json,LR_MPS_angle_opt.json,10
832,008_60nodes_random4regular.json,LR_MPS_angle_opt.json,10
833,007_40nodes_random3regular.json,LR_MPS_angle_opt.json,10
834,000_40nodes_erdosrenyi20percent.json,LR_MPS_angle_opt.json,10
835,004_40nodes_erdosrenyi20percent.json,LR_MPS_angle_opt.json,10
836,006_70nodes_random3regular.json,I_MPS.json,10
837,006_30nodes_random3regular.json,I_MPS.json,10
838,001_30nodes_random3regular.json,I_MPS.json,10
839,005_30nodes_random3regular.json,I_MPS.json,10
840,003_70nodes_random3regular.json,I_MPS.json,10
841,001_100nodes_random7regular.json,I_MPS.json,10
842,004_70nodes_random3regular.json,I_MPS.json,10
843,007_30nodes_random3regular.json,I_MPS.json,10
844,004_30nodes_random3regular.json,I_MPS.json,10
845,000_60nodes_random4regular.json,I_MPS.json,10
846,008_30nodes_random3regular.json,I_MPS.json,10
847,007_70nodes_random3regular.json,I_MPS.json,10
848,002_60nodes_random4regular.json,I_MPS.json,10
849,008_70nodes_random3regular.json,I_MPS.json,10
850,009_30nodes_random3regular.json,I_MPS.json,10
851,009_70nodes_random3regular.json,I_MPS.json,10
852,001_100nodes_random8regular.json,I_MPS.json,10
853,001_100nodes_random4regular.json,I_MPS.json,10
854,007_60nodes_random4regular.json,I_MPS.json,10
855,005_70nodes_random3regular.json,I_MPS.json,10
856,004_60nodes_random4regular.json,I_MPS.json,10
857,002_30nodes_random3regular.json,I_MPS.json,10
858,001_100nodes_random6regular.json,I_MPS.json,10
859,001_100nodes_random5regular.json,I_MPS.json,10
860,008_60nodes_random4regular.json,I_MPS.json,10
861,002_70nodes_random3regular.json,I_MPS.json,10
862,001_70nodes_random3regular.json,I_MPS.json,10
863,006_60nodes_random4regular.json,I_MPS.json,10
864,009_60nodes_random4regular.json,I_MPS.json,10
865,001_100nodes_random9regular.json,I_MPS.json,10
866,003_60nodes_random4regular.json,I_MPS.json,10
867,000_70nodes_random3regular.json,I_MPS.json,10
868,001_60nodes_random4regular.json,I_MPS.json,10
869,005_60nodes_random4regular.json,I_MPS.json,10
870,003_30nodes_random3regular.json,I_MPS.json,10
871,000_30nodes_random3regular.json,I_MPS.json,10
872,006_70nodes_random3regular.json,FA_MPS_opt.json,10
873,001_30nodes_random3regular.json,FA_MPS_opt.json,10
874,006_30nodes_random3regular.json,FA_MPS_opt.json,10
875,005_30nodes_random3regular.json,FA_MPS_opt.json,10
876,003_70nodes_random3regular.json,FA_MPS_opt.json,10
877,004_70nodes_random3regular.json,FA_MPS_opt.json,10
878,007_30nodes_random3regular.json,FA_MPS_opt.json,10
879,004_30nodes_random3regular.json,FA_MPS_opt.json,10
880,008_30nodes_random3regular.json,FA_MPS_opt.json,10
881,007_70nodes_random3regular.json,FA_MPS_opt.json,10
882,008_70nodes_random3regular.json,FA_MPS_opt.json,10
883,009_30nodes_random3regular.json,FA_MPS_opt.json,10
884,009_70nodes_random3regular.json,FA_MPS_opt.json,10
885,005_70nodes_random3regular.json,FA_MPS_opt.json,10
886,002_30nodes_random3regular.json,FA_MPS_opt.json,10
887,002_70nodes_random3regular.json,FA_MPS_opt.json,10
888,001_70nodes_random3regular.json,FA_MPS_opt.json,10
889,000_70nodes_random3regular.json,FA_MPS_opt.json,10
890,000_30nodes_random3regular.json,FA_MPS_opt.json,10
891,003_30nodes_random3regular.json,FA_MPS_opt.json,10
892,006_70nodes_random3regular.json,F_MPS.json,10
893,001_30nodes_random3regular.json,F_MPS.json,10
894,006_30nodes_random3regular.json,F_MPS.json,10
895,005_30nodes_random3regular.json,F_MPS.json,10
896,003_70nodes_random3regular.json,F_MPS.json,10
897,001_100nodes_random7regular.json,F_MPS.json,10
898,004_70nodes_random3regular.json,F_MPS.json,10
899,007_30nodes_random3regular.json,F_MPS.json,10
900,004_30nodes_random3regular.json,F_MPS.json,10
901,000_60nodes_random4regular.json,F_MPS.json,10
902,008_30nodes_random3regular.json,F_MPS.json,10
903,007_70nodes_random3regular.json,F_MPS.json,10
904,002_60nodes_random4regular.json,F_MPS.json,10
905,008_70nodes_random3regular.json,F_MPS.json,10
906,009_30nodes_random3regular.json,F_MPS.json,10
907,009_70nodes_random3regular.json,F_MPS.json,10
908,001_100nodes_random8regular.json,F_MPS.json,10
909,001_100nodes_random4regular.json,F_MPS.json,10
910,007_60nodes_random4regular.json,F_MPS.json,10
911,005_70nodes_random3regular.json,F_MPS.json,10
912,004_60nodes_random4regular.json,F_MPS.json,10
913,002_30nodes_random3regular.json,F_MPS.json,10
914,001_100nodes_random6regular.json,F_MPS.json,10
915,001_100nodes_random5regular.json,F_MPS.json,10
916,008_60nodes_random4regular.json,F_MPS.json,10
917,002_70nodes_random3regular.json,F_MPS.json,10
918,001_70nodes_random3regular.json,F_MPS.json,10
919,006_60nodes_random4regular.json,F_MPS.json,10
920,009_60nodes_random4regular.json,F_MPS.json,10
921,001_100nodes_random9regular.json,F_MPS.json,10
922,003_60nodes_random4regular.json,F_MPS.json,10
923,000_70nodes_random3regular.json,F_MPS.json,10
924,001_60nodes_random4regular.json,F_MPS.json,10
925,005_60nodes_random4regular.json,F_MPS.json,10
926,000_30nodes_random3regular.json,F_MPS.json,10
927,003_30nodes_random3regular.json,F_MPS.json,10
928,004_50nodes_erdosrenyi20percent.json,RTS_MPSAer.json,10
929,001_100nodes_5swap_layers.json,RTS_MPSAer.json,10
930,000_4_1_heavyhex_39nodes_weighted.json,RTS_MPSAer.json,10
931,000_40nodes_8swap_layers.json,RTS_MPSAer.json,10
932,008_50nodes_erdosrenyi20percent.json,RTS_MPSAer.json,10
933,000_7_3_heavyhex_144nodes_weighted.json,RTS_MPSAer.json,10
934,003_40nodes_8swap_layers.json,RTS_MPSAer.json,10
935,001_100nodes_0swap_layers.json,RTS_MPSAer.json,10
936,000_100nodes_4swap_layers.json,RTS_MPSAer.json,10
937,001_100nodes_random4regular.json,RTS_MPSAer.json,10
938,008_40nodes_random3regular.json,RTS_MPSAer.json,10
939,000_40nodes_random3regular.json,RTS_MPSAer.json,10
940,006_40nodes_erdosrenyi20percent.json,RTS_MPSAer.json,10
941,006_40nodes_12swap_layers.json,RTS_MPSAer.json,10
942,009_4_1_heavyhex_39nodes_weighted.json,RTS_MPSAer.json,10
943,000_100nodes_2swap_layers.json,RTS_MPSAer.json,10
944,008_40nodes_8swap_layers.json,RTS_MPSAer.json,10
945,001_40nodes_random3regular.json,RTS_MPSAer.json,10
946,002_40nodes_random3regular.json,RTS_MPSAer.json,10
947,000_40nodes_12swap_layers.json,RTS_MPSAer.json,10
948,009_40nodes_random3regular.json,RTS_MPSAer.json,10
949,007_4_1_heavyhex_39nodes_weighted.json,RTS_MPSAer.json,10
950,001_100nodes_8swap_layers.json,RTS_MPSAer.json,10
951,003_40nodes_erdosrenyi20percent.json,RTS_MPSAer.json,10
952,004_4_1_heavyhex_39nodes_weighted.json,RTS_MPSAer.json,10
953,004_40nodes_8swap_layers.json,RTS_MPSAer.json,10
954,006_100nodes_2swap_layers.json,RTS_MPSAer.json,10
955,003_40nodes_random3regular.json,RTS_MPSAer.json,10
956,003_100nodes_0swap_layers.json,RTS_MPSAer.json,10
957,002_50nodes_erdosrenyi20percent.json,RTS_MPSAer.json,10
958,005_40nodes_erdosrenyi20percent.json,RTS_MPSAer.json,10
959,009_40nodes_12swap_layers.json,RTS_MPSAer.json,10
960,001_4_1_heavyhex_39nodes_weighted.json,RTS_MPSAer.json,10
961,002_100nodes_2swap_layers.json,RTS_MPSAer.json,10
962,003_7_3_heavyhex_144nodes_weighted.json,RTS_MPSAer.json,10
963,009_50nodes_erdosrenyi20percent.json,RTS_MPSAer.json,10
964,007_50nodes_erdosrenyi20percent.json,RTS_MPSAer.json,10
965,002_40nodes_12swap_layers.json,RTS_MPSAer.json,10
966,001_100nodes_random6regular.json,RTS_MPSAer.json,10
967,003_4_1_heavyhex_39nodes_weighted.json,RTS_MPSAer.json,10
968,005_100nodes_2swap_layers.json,RTS_MPSAer.json,10
969,001_100nodes_10swap_layers.json,RTS_MPSAer.json,10
970,005_4_1_heavyhex_39nodes_weighted.json,RTS_MPSAer.json,10
971,003_50nodes_erdosrenyi20percent.json,RTS_MPSAer.json,10
972,005_40nodes_8swap_layers.json,RTS_MPSAer.json,10
973,007_100nodes_2swap_layers.json,RTS_MPSAer.json,10
974,001_100nodes_2swap_layers.json,RTS_MPSAer.json,10
975,001_7_3_heavyhex_144nodes_weighted.json,RTS_MPSAer.json,10
976,000_100nodes_3swap_layers.json,RTS_MPSAer.json,10
977,000_100nodes_1swap_layers.json,RTS_MPSAer.json,10
978,000_50nodes_erdosrenyi20percent.json,RTS_MPSAer.json,10
979,002_40nodes_8swap_layers.json,RTS_MPSAer.json,10
980,002_4_1_heavyhex_39nodes_weighted.json,RTS_MPSAer.json,10
981,004_100nodes_2swap_layers.json,RTS_MPSAer.json,10
982,001_100nodes_9swap_layers.json,RTS_MPSAer.json,10
983,001_100nodes_4swap_layers.json,RTS_MPSAer.json,10
984,006_7_3_heavyhex_144nodes_weighted.json,RTS_MPSAer.json,10
985,002_100nodes_1swap_layers.json,RTS_MPSAer.json,10
986,004_40nodes_12swap_layers.json,RTS_MPSAer.json,10
987,001_100nodes_random3regular.json,RTS_MPSAer.json,10
988,008_7_3_heavyhex_144nodes_weighted.json,RTS_MPSAer.json,10
989,009_40nodes_erdosrenyi20percent.json,RTS_MPSAer.json,10
990,006_50nodes_erdosrenyi20percent.json,RTS_MPSAer.json,10
991,001_40nodes_12swap_layers.json,RTS_MPSAer.json,10
992,001_40nodes_erdosrenyi20percent.json,RTS_MPSAer.json,10
993,008_100nodes_2swap_layers.json,RTS_MPSAer.json,10
994,005_50nodes_erdosrenyi20percent.json,RTS_MPSAer.json,10
995,001_100nodes_random8regular.json,RTS_MPSAer.json,10
996,002_40nodes_erdosrenyi20percent.json,RTS_MPSAer.json,10
997,006_40nodes_8swap_layers.json,RTS_MPSAer.json,10
998,001_100nodes_7swap_layers.json,RTS_MPSAer.json,10
999,002_7_3_heavyhex_144nodes_weighted.json,RTS_MPSAer.json,10
1000,001_100nodes_random5regular.json,RTS_MPSAer.json,10
1001,007_40nodes_8swap_layers.json,RTS_MPSAer.json,10
1002,003_40nodes_12swap_layers.json,RTS_MPSAer.json,10
1003,005_40nodes_12swap_layers.json,RTS_MPSAer.json,10
1004,006_4_1_heavyhex_39nodes_weighted.json,RTS_MPSAer.json,10
1005,001_100nodes_random9regular.json,RTS_MPSAer.json,10
1006,002_100nodes_0swap_layers.json,RTS_MPSAer.json,10
1007,007_40nodes_erdosrenyi20percent.json,RTS_MPSAer.json,10
1008,008_40nodes_erdosrenyi20percent.json,RTS_MPSAer.json,10
1009,003_100nodes_2swap_layers.json,RTS_MPSAer.json,10
1010,001_100nodes_6swap_layers.json,RTS_MPSAer.json,10
1011,007_7_3_heavyhex_144nodes_weighted.json,RTS_MPSAer.json,10
1012,004_40nodes_random3regular.json,RTS_MPSAer.json,10
1013,001_40nodes_8swap_layers.json,RTS_MPSAer.json,10
1014,008_40nodes_12swap_layers.json,RTS_MPSAer.json,10
1015,008_4_1_heavyhex_39nodes_weighted.json,RTS_MPSAer.json,10
1016,005_40nodes_random3regular.json,RTS_MPSAer.json,10
1017,009_100nodes_2swap_layers.json,RTS_MPSAer.json,10
1018,002_100nodes_3swap_layers.json,RTS_MPSAer.json,10
1019,001_100nodes_random7regular.json,RTS_MPSAer.json,10
1020,001_100nodes_1swap_layers.json,RTS_MPSAer.json,10
1021,006_40nodes_random3regular.json,RTS_MPSAer.json,10
1022,001_100nodes_3swap_layers.json,RTS_MPSAer.json,10
1023,004_7_3_heavyhex_144nodes_weighted.json,RTS_MPSAer.json,10
1024,009_7_3_heavyhex_144nodes_weighted.json,RTS_MPSAer.json,10
1025,000_100nodes_0swap_layers.json,RTS_MPSAer.json,10
1026,007_40nodes_random3regular.json,RTS_MPSAer.json,10
1027,000_40nodes_erdosrenyi20percent.json,RTS_MPSAer.json,10
1028,005_7_3_heavyhex_144nodes_weighted.json,RTS_MPSAer.json,10
1029,004_40nodes_erdosrenyi20percent.json,RTS_MPSAer.json,10
1030,003_100nodes_1swap_layers.json,RTS_MPSAer.json,10
1031,001_50nodes_erdosrenyi20percent.json,RTS_MPSAer.json,10
1032,002_100nodes_4swap_layers.json,RTS_MPSAer.json,10
1033,009_40nodes_8swap_layers.json,RTS_MPSAer.json,10
1034,007_40nodes_12swap_layers.json,RTS_MPSAer.json,10
1035,001_100nodes_random9regular.json,F_MPSAer.json,10
1036,001_100nodes_random4regular.json,F_MPSAer.json,10
1037,001_100nodes_random6regular.json,F_MPSAer.json,10
1038,001_100nodes_10swap_layers.json,F_MPSAer.json,10
1039,001_100nodes_random5regular.json,F_MPSAer.json,10
1040,001_100nodes_random8regular.json,F_MPSAer.json,10
1041,001_100nodes_random7regular.json,F_MPSAer.json,10
1042,001_100nodes_random9regular.json,I_MPSAer.json,10
1043,001_100nodes_random6regular.json,I_MPSAer.json,10
1044,001_100nodes_10swap_layers.json,I_MPSAer.json,10
1045,001_100nodes_random5regular.json,I_MPSAer.json,10
1046,001_100nodes_random8regular.json,I_MPSAer.json,10
1047,001_100nodes_random7regular.json,I_MPSAer.json,10
1048,001_100nodes_random4regular.json,I_MPSAer.json,10
1049,008_40nodes_12swap_layers.json,LR_MPSAer_angle_opt.json,10
1050,004_40nodes_12swap_layers.json,LR_MPSAer_angle_opt.json,10
1051,008_4_1_heavyhex_39nodes_weighted.json,LR_MPSAer_angle_opt.json,10
1052,003_40nodes_erdosrenyi20percent.json,LR_MPSAer_angle_opt.json,10
1053,004_4_1_heavyhex_39nodes_weighted.json,LR_MPSAer_angle_opt.json,10
1054,004_40nodes_8swap_layers.json,LR_MPSAer_angle_opt.json,10
1055,009_40nodes_erdosrenyi20percent.json,LR_MPSAer_angle_opt.json,10
1056,005_40nodes_random3regular.json,LR_MPSAer_angle_opt.json,10
1057,000_4_1_heavyhex_39nodes_weighted.json,LR_MPSAer_angle_opt.json,10
1058,009_100nodes_2swap_layers.json,LR_MPSAer_angle_opt.json,10
1059,006_100nodes_2swap_layers.json,LR_MPSAer_angle_opt.json,10
1060,002_100nodes_3swap_layers.json,LR_MPSAer_angle_opt.json,10
1061,000_40nodes_8swap_layers.json,LR_MPSAer_angle_opt.json,10
1062,001_40nodes_12swap_layers.json,LR_MPSAer_angle_opt.json,10
1063,001_100nodes_random7regular.json,LR_MPSAer_angle_opt.json,10
1064,003_100nodes_0swap_layers.json,LR_MPSAer_angle_opt.json,10
1065,003_40nodes_random3regular.json,LR_MPSAer_angle_opt.json,10
1066,005_40nodes_erdosrenyi20percent.json,LR_MPSAer_angle_opt.json,10
1067,006_40nodes_random3regular.json,LR_MPSAer_angle_opt.json,10
1068,003_40nodes_8swap_layers.json,LR_MPSAer_angle_opt.json,10
1069,001_100nodes_0swap_layers.json,LR_MPSAer_angle_opt.json,10
1070,001_40nodes_erdosrenyi20percent.json,LR_MPSAer_angle_opt.json,10
1071,009_40nodes_12swap_layers.json,LR_MPSAer_angle_opt.json,10
1072,000_100nodes_4swap_layers.json,LR_MPSAer_angle_opt.json,10
1073,001_4_1_heavyhex_39nodes_weighted.json,LR_MPSAer_angle_opt.json,10
1074,002_100nodes_2swap_layers.json,LR_MPSAer_angle_opt.json,10
1075,008_100nodes_2swap_layers.json,LR_MPSAer_angle_opt.json,10
1076,001_100nodes_random8regular.json,LR_MPSAer_angle_opt.json,10
1077,001_100nodes_random4regular.json,LR_MPSAer_angle_opt.json,10
1078,002_40nodes_erdosrenyi20percent.json,LR_MPSAer_angle_opt.json,10
1079,002_100nodes_4swap_layers.json,LR_MPSAer_angle_opt.json,10
1080,006_40nodes_8swap_layers.json,LR_MPSAer_angle_opt.json,10
1081,008_40nodes_random3regular.json,LR_MPSAer_angle_opt.json,10
1082,000_100nodes_0swap_layers.json,LR_MPSAer_angle_opt.json,10
1083,007_40nodes_12swap_layers.json,LR_MPSAer_angle_opt.json,10
1084,001_100nodes_random6regular.json,LR_MPSAer_angle_opt.json,10
1085,002_40nodes_12swap_layers.json,LR_MPSAer_angle_opt.json,10
1086,003_4_1_heavyhex_39nodes_weighted.json,LR_MPSAer_angle_opt.json,10
1087,005_100nodes_2swap_layers.json,LR_MPSAer_angle_opt.json,10
1088,007_4_1_heavyhex_39nodes_weighted.json,LR_MPSAer_angle_opt.json,10
1089,001_100nodes_random5regular.json,LR_MPSAer_angle_opt.json,10
1090,005_4_1_heavyhex_39nodes_weighted.json,LR_MPSAer_angle_opt.json,10
1091,007_40nodes_8swap_layers.json,LR_MPSAer_angle_opt.json,10
1092,007_40nodes_random3regular.json,LR_MPSAer_angle_opt.json,10
1093,006_40nodes_erdosrenyi20percent.json,LR_MPSAer_angle_opt.json,10
1094,003_40nodes_12swap_layers.json,LR_MPSAer_angle_opt.json,10
1095,000_40nodes_random3regular.json,LR_MPSAer_angle_opt.json,10
1096,005_40nodes_12swap_layers.json,LR_MPSAer_angle_opt.json,10
1097,006_4_1_heavyhex_39nodes_weighted.json,LR_MPSAer_angle_opt.json,10
1098,005_40nodes_8swap_layers.json,LR_MPSAer_angle_opt.json,10
1099,000_40nodes_erdosrenyi20percent.json,LR_MPSAer_angle_opt.json,10
1100,006_40nodes_12swap_layers.json,LR_MPSAer_angle_opt.json,10
1101,007_100nodes_2swap_layers.json,LR_MPSAer_angle_opt.json,10
1102,009_4_1_heavyhex_39nodes_weighted.json,LR_MPSAer_angle_opt.json,10
1103,001_100nodes_random9regular.json,LR_MPSAer_angle_opt.json,10
1104,000_100nodes_2swap_layers.json,LR_MPSAer_angle_opt.json,10
1105,004_40nodes_erdosrenyi20percent.json,LR_MPSAer_angle_opt.json,10
1106,002_100nodes_0swap_layers.json,LR_MPSAer_angle_opt.json,10
1107,008_40nodes_8swap_layers.json,LR_MPSAer_angle_opt.json,10
1108,000_100nodes_1swap_layers.json,LR_MPSAer_angle_opt.json,10
1109,003_100nodes_1swap_layers.json,LR_MPSAer_angle_opt.json,10
1110,007_40nodes_erdosrenyi20percent.json,LR_MPSAer_angle_opt.json,10
1111,000_100nodes_3swap_layers.json,LR_MPSAer_angle_opt.json,10
1112,002_40nodes_8swap_layers.json,LR_MPSAer_angle_opt.json,10
1113,008_40nodes_erdosrenyi20percent.json,LR_MPSAer_angle_opt.json,10
1114,003_100nodes_2swap_layers.json,LR_MPSAer_angle_opt.json,10
1115,002_4_1_heavyhex_39nodes_weighted.json,LR_MPSAer_angle_opt.json,10
1116,001_40nodes_random3regular.json,LR_MPSAer_angle_opt.json,10
1117,002_40nodes_random3regular.json,LR_MPSAer_angle_opt.json,10
1118,000_40nodes_12swap_layers.json,LR_MPSAer_angle_opt.json,10
1119,004_100nodes_2swap_layers.json,LR_MPSAer_angle_opt.json,10
1120,004_40nodes_random3regular.json,LR_MPSAer_angle_opt.json,10
1121,001_40nodes_8swap_layers.json,LR_MPSAer_angle_opt.json,10
1122,002_100nodes_1swap_layers.json,LR_MPSAer_angle_opt.json,10
1123,009_40nodes_8swap_layers.json,LR_MPSAer_angle_opt.json,10
1124,009_40nodes_random3regular.json,LR_MPSAer_angle_opt.json,10
1125,002_100nodes_1swap_layers.json,FA_MPSAer_opt.json,10
1126,000_100nodes_1swap_layers.json,FA_MPSAer_opt.json,10
1127,003_100nodes_1swap_layers.json,FA_MPSAer_opt.json,10
1128,001_100nodes_random9regular.json,TQA_MPSAer_opt.json,10
1129,001_100nodes_random4regular.json,TQA_MPSAer_opt.json,10
1130,001_100nodes_random6regular.json,TQA_MPSAer_opt.json,10
1131,001_100nodes_random5regular.json,TQA_MPSAer_opt.json,10
1132,001_100nodes_random8regular.json,TQA_MPSAer_opt.json,10
1133,001_100nodes_random7regular.json,TQA_MPSAer_opt.json,10
1134,003_100nodes_4swap_layers.json,LR_PP_angle_opt.json,10
1135,003_70nodes_random3regular.json,LR_PP_angle_opt.json,10
1136,005_30nodes_random3regular.json,LR_PP_angle_opt.json,10
1137,000_4_1_heavyhex_39nodes_weighted.json,LR_PP_angle_opt.json,10
1138,007_40nodes_random4regular.json,LR_PP_angle_opt.json,10
1139,003_40nodes_8swap_layers.json,LR_PP_angle_opt.json,10
1140,006_40nodes_random4regular.json,LR_PP_angle_opt.json,10
1141,007_30nodes_random3regular.json,LR_PP_angle_opt.json,10
1142,001_100nodes_0swap_layers.json,LR_PP_angle_opt.json,10
1143,004_30nodes_random3regular.json,LR_PP_angle_opt.json,10
1144,000_100nodes_4swap_layers.json,LR_PP_angle_opt.json,10
1145,008_70nodes_random3regular.json,LR_PP_angle_opt.json,10
1146,004_60nodes_random4regular.json,LR_PP_angle_opt.json,10
1147,008_40nodes_random3regular.json,LR_PP_angle_opt.json,10
1148,003_100nodes_5swap_layers.json,LR_PP_angle_opt.json,10
1149,009_40nodes_random4regular.json,LR_PP_angle_opt.json,10
1150,009_100nodes_8swap_layers.json,LR_PP_angle_opt.json,10
1151,002_100nodes_7swap_layers.json,LR_PP_angle_opt.json,10
1152,002_100nodes_6swap_layers.json,LR_PP_angle_opt.json,10
1153,003_100nodes_9swap_layers.json,LR_PP_angle_opt.json,10
1154,000_40nodes_random3regular.json,LR_PP_angle_opt.json,10
1155,006_40nodes_erdosrenyi20percent.json,LR_PP_angle_opt.json,10
1156,004_100nodes_10swap_layers.json,LR_PP_angle_opt.json,10
1157,008_100nodes_8swap_layers.json,LR_PP_angle_opt.json,10
1158,004_100nodes_7swap_layers.json,LR_PP_angle_opt.json,10
1159,002_100nodes_5swap_layers.json,LR_PP_angle_opt.json,10
1160,006_100nodes_5swap_layers.json,LR_PP_angle_opt.json,10
1161,006_40nodes_12swap_layers.json,LR_PP_angle_opt.json,10
1162,009_4_1_heavyhex_39nodes_weighted.json,LR_PP_angle_opt.json,10
1163,006_60nodes_random4regular.json,LR_PP_angle_opt.json,10
1164,004_40nodes_random4regular.json,LR_PP_angle_opt.json,10
1165,009_60nodes_random4regular.json,LR_PP_angle_opt.json,10
1166,004_100nodes_4swap_layers.json,LR_PP_angle_opt.json,10
1167,004_100nodes_8swap_layers.json,LR_PP_angle_opt.json,10
1168,000_100nodes_2swap_layers.json,LR_PP_angle_opt.json,10
1169,000_100nodes_7swap_layers.json,LR_PP_angle_opt.json,10
1170,008_40nodes_8swap_layers.json,LR_PP_angle_opt.json,10
1171,007_100nodes_8swap_layers.json,LR_PP_angle_opt.json,10
1172,007_100nodes_10swap_layers.json,LR_PP_angle_opt.json,10
1173,000_30nodes_random3regular.json,LR_PP_angle_opt.json,10
1174,003_30nodes_random3regular.json,LR_PP_angle_opt.json,10
1175,002_100nodes_10swap_layers.json,LR_PP_angle_opt.json,10
1176,001_40nodes_random3regular.json,LR_PP_angle_opt.json,10
1177,002_40nodes_random3regular.json,LR_PP_angle_opt.json,10
1178,000_40nodes_12swap_layers.json,LR_PP_angle_opt.json,10
1179,000_100nodes_5swap_layers.json,LR_PP_angle_opt.json,10
1180,007_100nodes_7swap_layers.json,LR_PP_angle_opt.json,10
1181,002_40nodes_random4regular.json,LR_PP_angle_opt.json,10
1182,008_100nodes_4swap_layers.json,LR_PP_angle_opt.json,10
1183,003_100nodes_8swap_layers.json,LR_PP_angle_opt.json,10
1184,007_100nodes_4swap_layers.json,LR_PP_angle_opt.json,10
1185,005_100nodes_8swap_layers.json,LR_PP_angle_opt.json,10
1186,009_40nodes_random3regular.json,LR_PP_angle_opt.json,10
1187,007_4_1_heavyhex_39nodes_weighted.json,LR_PP_angle_opt.json,10
1188,003_40nodes_erdosrenyi20percent.json,LR_PP_angle_opt.json,10
1189,009_100nodes_7swap_layers.json,LR_PP_angle_opt.json,10
1190,004_4_1_heavyhex_39nodes_weighted.json,LR_PP_angle_opt.json,10
1191,004_40nodes_8swap_layers.json,LR_PP_angle_opt.json,10
1192,006_100nodes_2swap_layers.json,LR_PP_angle_opt.json,10
1193,007_100nodes_6swap_layers.json,LR_PP_angle_opt.json,10
1194,001_40nodes_random4regular.json,LR_PP_angle_opt.json,10
1195,009_100nodes_0swap_layers.json,LR_PP_angle_opt.json,10
1196,006_100nodes_9swap_layers.json,LR_PP_angle_opt.json,10
1197,003_40nodes_random3regular.json,LR_PP_angle_opt.json,10
1198,003_100nodes_0swap_layers.json,LR_PP_angle_opt.json,10
1199,008_100nodes_7swap_layers.json,LR_PP_angle_opt.json,10
1200,005_40nodes_erdosrenyi20percent.json,LR_PP_angle_opt.json,10
1201,004_70nodes_random3regular.json,LR_PP_angle_opt.json,10
1202,000_100nodes_9swap_layers.json,LR_PP_angle_opt.json,10
1203,009_40nodes_12swap_layers.json,LR_PP_angle_opt.json,10
1204,001_4_1_heavyhex_39nodes_weighted.json,LR_PP_angle_opt.json,10
1205,005_100nodes_7swap_layers.json,LR_PP_angle_opt.json,10
1206,002_100nodes_2swap_layers.json,LR_PP_angle_opt.json,10
1207,009_30nodes_random3regular.json,LR_PP_angle_opt.json,10
1208,000_100nodes_8swap_layers.json,LR_PP_angle_opt.json,10
1209,004_100nodes_0swap_layers.json,LR_PP_angle_opt.json,10
1210,002_40nodes_12swap_layers.json,LR_PP_angle_opt.json,10
1211,008_100nodes_6swap_layers.json,LR_PP_angle_opt.json,10
1212,003_4_1_heavyhex_39nodes_weighted.json,LR_PP_angle_opt.json,10
1213,005_100nodes_2swap_layers.json,LR_PP_angle_opt.json,10
1214,009_100nodes_10swap_layers.json,LR_PP_angle_opt.json,10
1215,005_4_1_heavyhex_39nodes_weighted.json,LR_PP_angle_opt.json,10
1216,002_70nodes_random3regular.json,LR_PP_angle_opt.json,10
1217,005_40nodes_8swap_layers.json,LR_PP_angle_opt.json,10
1218,007_100nodes_2swap_layers.json,LR_PP_angle_opt.json,10
1219,009_100nodes_4swap_layers.json,LR_PP_angle_opt.json,10
1220,000_70nodes_random3regular.json,LR_PP_angle_opt.json,10
1221,004_100nodes_9swap_layers.json,LR_PP_angle_opt.json,10
1222,000_100nodes_1swap_layers.json,LR_PP_angle_opt.json,10
1223,006_100nodes_8swap_layers.json,LR_PP_angle_opt.json,10
1224,009_100nodes_5swap_layers.json,LR_PP_angle_opt.json,10
1225,001_60nodes_random4regular.json,LR_PP_angle_opt.json,10
1226,005_60nodes_random4regular.json,LR_PP_angle_opt.json,10
1227,002_40nodes_8swap_layers.json,LR_PP_angle_opt.json,10
1228,002_4_1_heavyhex_39nodes_weighted.json,LR_PP_angle_opt.json,10
1229,004_100nodes_2swap_layers.json,LR_PP_angle_opt.json,10
1230,008_100nodes_9swap_layers.json,LR_PP_angle_opt.json,10
1231,002_100nodes_1swap_layers.json,LR_PP_angle_opt.json,10
1232,008_100nodes_0swap_layers.json,LR_PP_angle_opt.json,10
1233,003_40nodes_random4regular.json,LR_PP_angle_opt.json,10
1234,004_40nodes_12swap_layers.json,LR_PP_angle_opt.json,10
1235,006_30nodes_random3regular.json,LR_PP_angle_opt.json,10
1236,008_40nodes_random4regular.json,LR_PP_angle_opt.json,10
1237,009_100nodes_9swap_layers.json,LR_PP_angle_opt.json,10
1238,005_100nodes_4swap_layers.json,LR_PP_angle_opt.json,10
1239,001_30nodes_random3regular.json,LR_PP_angle_opt.json,10
1240,009_40nodes_erdosrenyi20percent.json,LR_PP_angle_opt.json,10
1241,001_40nodes_12swap_layers.json,LR_PP_angle_opt.json,10
1242,005_40nodes_random4regular.json,LR_PP_angle_opt.json,10
1243,001_40nodes_erdosrenyi20percent.json,LR_PP_angle_opt.json,10
1244,003_100nodes_10swap_layers.json,LR_PP_angle_opt.json,10
1245,000_60nodes_random4regular.json,LR_PP_angle_opt.json,10
1246,008_100nodes_1swap_layers.json,LR_PP_angle_opt.json,10
1247,003_100nodes_7swap_layers.json,LR_PP_angle_opt.json,10
1248,002_60nodes_random4regular.json,LR_PP_angle_opt.json,10
1249,005_100nodes_5swap_layers.json,LR_PP_angle_opt.json,10
1250,008_100nodes_2swap_layers.json,LR_PP_angle_opt.json,10
1251,007_100nodes_5swap_layers.json,LR_PP_angle_opt.json,10
1252,002_40nodes_erdosrenyi20percent.json,LR_PP_angle_opt.json,10
1253,007_60nodes_random4regular.json,LR_PP_angle_opt.json,10
1254,005_100nodes_9swap_layers.json,LR_PP_angle_opt.json,10
1255,006_40nodes_8swap_layers.json,LR_PP_angle_opt.json,10
1256,004_100nodes_6swap_layers.json,LR_PP_angle_opt.json,10
1257,002_30nodes_random3regular.json,LR_PP_angle_opt.json,10
1258,006_100nodes_1swap_layers.json,LR_PP_angle_opt.json,10
1259,007_40nodes_8swap_layers.json,LR_PP_angle_opt.json,10
1260,003_40nodes_12swap_layers.json,LR_PP_angle_opt.json,10
1261,005_40nodes_12swap_layers.json,LR_PP_angle_opt.json,10
1262,006_4_1_heavyhex_39nodes_weighted.json,LR_PP_angle_opt.json,10
1263,001_70nodes_random3regular.json,LR_PP_angle_opt.json,10
1264,003_60nodes_random4regular.json,LR_PP_angle_opt.json,10
1265,002_100nodes_0swap_layers.json,LR_PP_angle_opt.json,10
1266,007_40nodes_erdosrenyi20percent.json,LR_PP_angle_opt.json,10
1267,006_100nodes_6swap_layers.json,LR_PP_angle_opt.json,10
1268,009_100nodes_6swap_layers.json,LR_PP_angle_opt.json,10
1269,008_40nodes_erdosrenyi20percent.json,LR_PP_angle_opt.json,10
1270,003_100nodes_2swap_layers.json,LR_PP_angle_opt.json,10
1271,009_100nodes_1swap_layers.json,LR_PP_angle_opt.json,10
1272,005_100nodes_6swap_layers.json,LR_PP_angle_opt.json,10
1273,002_100nodes_9swap_layers.json,LR_PP_angle_opt.json,10
1274,004_40nodes_random3regular.json,LR_PP_angle_opt.json,10
1275,001_40nodes_8swap_layers.json,LR_PP_angle_opt.json,10
1276,008_40nodes_12swap_layers.json,LR_PP_angle_opt.json,10
1277,006_70nodes_random3regular.json,LR_PP_angle_opt.json,10
1278,008_4_1_heavyhex_39nodes_weighted.json,LR_PP_angle_opt.json,10
1279,000_40nodes_random4regular.json,LR_PP_angle_opt.json,10
1280,005_40nodes_random3regular.json,LR_PP_angle_opt.json,10
1281,009_100nodes_2swap_layers.json,LR_PP_angle_opt.json,10
1282,002_100nodes_8swap_layers.json,LR_PP_angle_opt.json,10
1283,006_40nodes_random3regular.json,LR_PP_angle_opt.json,10
1284,006_100nodes_4swap_layers.json,LR_PP_angle_opt.json,10
1285,007_100nodes_9swap_layers.json,LR_PP_angle_opt.json,10
1286,008_30nodes_random3regular.json,LR_PP_angle_opt.json,10
1287,007_70nodes_random3regular.json,LR_PP_angle_opt.json,10
1288,009_70nodes_random3regular.json,LR_PP_angle_opt.json,10
1289,008_100nodes_10swap_layers.json,LR_PP_angle_opt.json,10
1290,008_100nodes_5swap_layers.json,LR_PP_angle_opt.json,10
1291,005_70nodes_random3regular.json,LR_PP_angle_opt.json,10
1292,003_100nodes_6swap_layers.json,LR_PP_angle_opt.json,10
1293,004_100nodes_5swap_layers.json,LR_PP_angle_opt.json,10
1294,000_100nodes_0swap_layers.json,LR_PP_angle_opt.json,10
1295,007_100nodes_1swap_layers.json,LR_PP_angle_opt.json,10
1296,005_100nodes_0swap_layers.json,LR_PP_angle_opt.json,10
1297,004_100nodes_1swap_layers.json,LR_PP_angle_opt.json,10
1298,007_100nodes_0swap_layers.json,LR_PP_angle_opt.json,10
1299,008_60nodes_random4regular.json,LR_PP_angle_opt.json,10
1300,007_40nodes_random3regular.json,LR_PP_angle_opt.json,10
1301,000_40nodes_erdosrenyi20percent.json,LR_PP_angle_opt.json,10
1302,000_100nodes_10swap_layers.json,LR_PP_angle_opt.json,10
1303,000_100nodes_6swap_layers.json,LR_PP_angle_opt.json,10
1304,004_40nodes_erdosrenyi20percent.json,LR_PP_angle_opt.json,10
1305,003_100nodes_1swap_layers.json,LR_PP_angle_opt.json,10
1306,006_100nodes_7swap_layers.json,LR_PP_angle_opt.json,10
1307,006_100nodes_10swap_layers.json,LR_PP_angle_opt.json,10
1308,005_100nodes_1swap_layers.json,LR_PP_angle_opt.json,10
1309,005_100nodes_10swap_layers.json,LR_PP_angle_opt.json,10
1310,002_100nodes_4swap_layers.json,LR_PP_angle_opt.json,10
1311,009_40nodes_8swap_layers.json,LR_PP_angle_opt.json,10
1312,007_40nodes_12swap_layers.json,LR_PP_angle_opt.json,10
1313,006_100nodes_0swap_layers.json,LR_PP_angle_opt.json,10
1314,001_7_2_heavyhex_105nodes_weighted.json,RTS_PP.json,10
1315,003_100nodes_4swap_layers.json,RTS_PP.json,10
1316,005_30nodes_random3regular.json,RTS_PP.json,10
1317,003_70nodes_random3regular.json,RTS_PP.json,10
1318,000_4_1_heavyhex_39nodes_weighted.json,RTS_PP.json,10
1319,008_100nodes_3swap_layers.json,RTS_PP.json,10
1320,000_40nodes_8swap_layers.json,RTS_PP.json,10
1321,007_40nodes_random4regular.json,RTS_PP.json,10
1322,003_40nodes_8swap_layers.json,RTS_PP.json,10
1323,006_40nodes_random4regular.json,RTS_PP.json,10
1324,007_30nodes_random3regular.json,RTS_PP.json,10
1325,001_100nodes_0swap_layers.json,RTS_PP.json,10
1326,004_30nodes_random3regular.json,RTS_PP.json,10
1327,009_7_2_heavyhex_105nodes_weighted.json,RTS_PP.json,10
1328,000_100nodes_4swap_layers.json,RTS_PP.json,10
1329,008_70nodes_random3regular.json,RTS_PP.json,10
1330,004_60nodes_random4regular.json,RTS_PP.json,10
1331,008_40nodes_random3regular.json,RTS_PP.json,10
1332,009_40nodes_random4regular.json,RTS_PP.json,10
1333,003_100nodes_5swap_layers.json,RTS_PP.json,10
1334,003_100nodes_3swap_layers.json,RTS_PP.json,10
1335,009_100nodes_8swap_layers.json,RTS_PP.json,10
1336,002_100nodes_7swap_layers.json,RTS_PP.json,10
1337,002_100nodes_6swap_layers.json,RTS_PP.json,10
1338,003_100nodes_9swap_layers.json,RTS_PP.json,10
1339,000_40nodes_random3regular.json,RTS_PP.json,10
1340,006_40nodes_erdosrenyi20percent.json,RTS_PP.json,10
1341,004_100nodes_10swap_layers.json,RTS_PP.json,10
1342,008_100nodes_8swap_layers.json,RTS_PP.json,10
1343,004_100nodes_7swap_layers.json,RTS_PP.json,10
1344,002_100nodes_5swap_layers.json,RTS_PP.json,10
1345,006_100nodes_5swap_layers.json,RTS_PP.json,10
1346,006_40nodes_12swap_layers.json,RTS_PP.json,10
1347,004_40nodes_random4regular.json,RTS_PP.json,10
1348,009_4_1_heavyhex_39nodes_weighted.json,RTS_PP.json,10
1349,000_100nodes_7swap_layers.json,RTS_PP.json,10
1350,009_60nodes_random4regular.json,RTS_PP.json,10
1351,004_100nodes_8swap_layers.json,RTS_PP.json,10
1352,000_100nodes_2swap_layers.json,RTS_PP.json,10
1353,004_100nodes_4swap_layers.json,RTS_PP.json,10
1354,004_7_2_heavyhex_105nodes_weighted.json,RTS_PP.json,10
1355,008_40nodes_8swap_layers.json,RTS_PP.json,10
1356,009_100nodes_3swap_layers.json,RTS_PP.json,10
1357,006_60nodes_random4regular.json,RTS_PP.json,10
1358,007_100nodes_8swap_layers.json,RTS_PP.json,10
1359,007_100nodes_10swap_layers.json,RTS_PP.json,10
1360,000_30nodes_random3regular.json,RTS_PP.json,10
1361,003_30nodes_random3regular.json,RTS_PP.json,10
1362,002_100nodes_10swap_layers.json,RTS_PP.json,10
1363,001_40nodes_random3regular.json,RTS_PP.json,10
1364,000_100nodes_5swap_layers.json,RTS_PP.json,10
1365,000_40nodes_12swap_layers.json,RTS_PP.json,10
1366,007_100nodes_7swap_layers.json,RTS_PP.json,10
1367,003_100nodes_8swap_layers.json,RTS_PP.json,10
1368,002_40nodes_random4regular.json,RTS_PP.json,10
1369,008_100nodes_4swap_layers.json,RTS_PP.json,10
1370,007_100nodes_4swap_layers.json,RTS_PP.json,10
1371,002_40nodes_random3regular.json,RTS_PP.json,10
1372,005_100nodes_8swap_layers.json,RTS_PP.json,10
1373,007_4_1_heavyhex_39nodes_weighted.json,RTS_PP.json,10
1374,009_40nodes_random3regular.json,RTS_PP.json,10
1375,003_40nodes_erdosrenyi20percent.json,RTS_PP.json,10
1376,006_100nodes_3swap_layers.json,RTS_PP.json,10
1377,009_100nodes_7swap_layers.json,RTS_PP.json,10
1378,007_100nodes_3swap_layers.json,RTS_PP.json,10
1379,004_4_1_heavyhex_39nodes_weighted.json,RTS_PP.json,10
1380,004_40nodes_8swap_layers.json,RTS_PP.json,10
1381,006_100nodes_2swap_layers.json,RTS_PP.json,10
1382,007_100nodes_6swap_layers.json,RTS_PP.json,10
1383,001_40nodes_random4regular.json,RTS_PP.json,10
1384,009_100nodes_0swap_layers.json,RTS_PP.json,10
1385,006_100nodes_9swap_layers.json,RTS_PP.json,10
1386,003_40nodes_random3regular.json,RTS_PP.json,10
1387,003_100nodes_0swap_layers.json,RTS_PP.json,10
1388,004_70nodes_random3regular.json,RTS_PP.json,10
1389,008_100nodes_7swap_layers.json,RTS_PP.json,10
1390,005_40nodes_erdosrenyi20percent.json,RTS_PP.json,10
1391,005_7_2_heavyhex_105nodes_weighted.json,RTS_PP.json,10
1392,000_100nodes_9swap_layers.json,RTS_PP.json,10
1393,006_7_2_heavyhex_105nodes_weighted.json,RTS_PP.json,10
1394,009_40nodes_12swap_layers.json,RTS_PP.json,10
1395,007_7_2_heavyhex_105nodes_weighted.json,RTS_PP.json,10
1396,001_4_1_heavyhex_39nodes_weighted.json,RTS_PP.json,10
1397,005_100nodes_7swap_layers.json,RTS_PP.json,10
1398,002_100nodes_2swap_layers.json,RTS_PP.json,10
1399,009_30nodes_random3regular.json,RTS_PP.json,10
1400,000_100nodes_8swap_layers.json,RTS_PP.json,10
1401,004_100nodes_0swap_layers.json,RTS_PP.json,10
1402,002_40nodes_12swap_layers.json,RTS_PP.json,10
1403,008_100nodes_6swap_layers.json,RTS_PP.json,10
1404,003_4_1_heavyhex_39nodes_weighted.json,RTS_PP.json,10
1405,005_100nodes_2swap_layers.json,RTS_PP.json,10
1406,009_100nodes_10swap_layers.json,RTS_PP.json,10
1407,005_4_1_heavyhex_39nodes_weighted.json,RTS_PP.json,10
1408,002_70nodes_random3regular.json,RTS_PP.json,10
1409,005_40nodes_8swap_layers.json,RTS_PP.json,10
1410,007_100nodes_2swap_layers.json,RTS_PP.json,10
1411,009_100nodes_4swap_layers.json,RTS_PP.json,10
1412,000_70nodes_random3regular.json,RTS_PP.json,10
1413,004_100nodes_9swap_layers.json,RTS_PP.json,10
1414,000_100nodes_3swap_layers.json,RTS_PP.json,10
1415,000_100nodes_1swap_layers.json,RTS_PP.json,10
1416,006_100nodes_8swap_layers.json,RTS_PP.json,10
1417,009_100nodes_5swap_layers.json,RTS_PP.json,10
1418,001_60nodes_random4regular.json,RTS_PP.json,10
1419,005_60nodes_random4regular.json,RTS_PP.json,10
1420,002_40nodes_8swap_layers.json,RTS_PP.json,10
1421,002_4_1_heavyhex_39nodes_weighted.json,RTS_PP.json,10
1422,004_100nodes_2swap_layers.json,RTS_PP.json,10
1423,008_100nodes_9swap_layers.json,RTS_PP.json,10
1424,008_7_2_heavyhex_105nodes_weighted.json,RTS_PP.json,10
1425,002_100nodes_1swap_layers.json,RTS_PP.json,10
1426,008_100nodes_0swap_layers.json,RTS_PP.json,10
1427,003_40nodes_random4regular.json,RTS_PP.json,10
1428,004_40nodes_12swap_layers.json,RTS_PP.json,10
1429,006_30nodes_random3regular.json,RTS_PP.json,10
1430,005_100nodes_4swap_layers.json,RTS_PP.json,10
1431,001_30nodes_random3regular.json,RTS_PP.json,10
1432,009_100nodes_9swap_layers.json,RTS_PP.json,10
1433,008_40nodes_random4regular.json,RTS_PP.json,10
1434,009_40nodes_erdosrenyi20percent.json,RTS_PP.json,10
1435,002_7_2_heavyhex_105nodes_weighted.json,RTS_PP.json,10
1436,001_40nodes_12swap_layers.json,RTS_PP.json,10
1437,000_7_2_heavyhex_105nodes_weighted.json,RTS_PP.json,10
1438,005_40nodes_random4regular.json,RTS_PP.json,10
1439,001_40nodes_erdosrenyi20percent.json,RTS_PP.json,10
1440,003_100nodes_10swap_layers.json,RTS_PP.json,10
1441,000_60nodes_random4regular.json,RTS_PP.json,10
1442,008_100nodes_1swap_layers.json,RTS_PP.json,10
1443,003_100nodes_7swap_layers.json,RTS_PP.json,10
1444,002_60nodes_random4regular.json,RTS_PP.json,10
1445,000_100nodes_random3regular.json,RTS_PP.json,10
1446,005_100nodes_5swap_layers.json,RTS_PP.json,10
1447,008_100nodes_2swap_layers.json,RTS_PP.json,10
1448,007_100nodes_5swap_layers.json,RTS_PP.json,10
1449,002_40nodes_erdosrenyi20percent.json,RTS_PP.json,10
1450,007_60nodes_random4regular.json,RTS_PP.json,10
1451,006_40nodes_8swap_layers.json,RTS_PP.json,10
1452,005_100nodes_9swap_layers.json,RTS_PP.json,10
1453,004_100nodes_6swap_layers.json,RTS_PP.json,10
1454,002_30nodes_random3regular.json,RTS_PP.json,10
1455,006_100nodes_1swap_layers.json,RTS_PP.json,10
1456,003_7_2_heavyhex_105nodes_weighted.json,RTS_PP.json,10
1457,007_40nodes_8swap_layers.json,RTS_PP.json,10
1458,003_40nodes_12swap_layers.json,RTS_PP.json,10
1459,006_4_1_heavyhex_39nodes_weighted.json,RTS_PP.json,10
1460,005_40nodes_12swap_layers.json,RTS_PP.json,10
1461,001_70nodes_random3regular.json,RTS_PP.json,10
1462,003_60nodes_random4regular.json,RTS_PP.json,10
1463,002_100nodes_0swap_layers.json,RTS_PP.json,10
1464,007_40nodes_erdosrenyi20percent.json,RTS_PP.json,10
1465,006_100nodes_6swap_layers.json,RTS_PP.json,10
1466,009_100nodes_6swap_layers.json,RTS_PP.json,10
1467,008_40nodes_erdosrenyi20percent.json,RTS_PP.json,10
1468,003_100nodes_2swap_layers.json,RTS_PP.json,10
1469,009_100nodes_1swap_layers.json,RTS_PP.json,10
1470,005_100nodes_6swap_layers.json,RTS_PP.json,10
1471,004_40nodes_random3regular.json,RTS_PP.json,10
1472,002_100nodes_9swap_layers.json,RTS_PP.json,10
1473,001_40nodes_8swap_layers.json,RTS_PP.json,10
1474,008_40nodes_12swap_layers.json,RTS_PP.json,10
1475,006_70nodes_random3regular.json,RTS_PP.json,10
1476,008_4_1_heavyhex_39nodes_weighted.json,RTS_PP.json,10
1477,000_40nodes_random4regular.json,RTS_PP.json,10
1478,005_40nodes_random3regular.json,RTS_PP.json,10
1479,009_100nodes_2swap_layers.json,RTS_PP.json,10
1480,002_100nodes_8swap_layers.json,RTS_PP.json,10
1481,002_100nodes_3swap_layers.json,RTS_PP.json,10
1482,006_40nodes_random3regular.json,RTS_PP.json,10
1483,007_100nodes_9swap_layers.json,RTS_PP.json,10
1484,006_100nodes_4swap_layers.json,RTS_PP.json,10
1485,008_30nodes_random3regular.json,RTS_PP.json,10
1486,007_70nodes_random3regular.json,RTS_PP.json,10
1487,009_70nodes_random3regular.json,RTS_PP.json,10
1488,008_100nodes_10swap_layers.json,RTS_PP.json,10
1489,008_100nodes_5swap_layers.json,RTS_PP.json,10
1490,005_70nodes_random3regular.json,RTS_PP.json,10
1491,004_100nodes_5swap_layers.json,RTS_PP.json,10
1492,003_100nodes_6swap_layers.json,RTS_PP.json,10
1493,005_100nodes_3swap_layers.json,RTS_PP.json,10
1494,000_100nodes_0swap_layers.json,RTS_PP.json,10
1495,007_100nodes_1swap_layers.json,RTS_PP.json,10
1496,005_100nodes_0swap_layers.json,RTS_PP.json,10
1497,004_100nodes_1swap_layers.json,RTS_PP.json,10
1498,004_100nodes_3swap_layers.json,RTS_PP.json,10
1499,007_100nodes_0swap_layers.json,RTS_PP.json,10
1500,008_60nodes_random4regular.json,RTS_PP.json,10
1501,007_40nodes_random3regular.json,RTS_PP.json,10
1502,000_40nodes_erdosrenyi20percent.json,RTS_PP.json,10
1503,000_100nodes_10swap_layers.json,RTS_PP.json,10
1504,000_100nodes_6swap_layers.json,RTS_PP.json,10
1505,004_40nodes_erdosrenyi20percent.json,RTS_PP.json,10
1506,003_100nodes_1swap_layers.json,RTS_PP.json,10
1507,006_100nodes_7swap_layers.json,RTS_PP.json,10
1508,006_100nodes_10swap_layers.json,RTS_PP.json,10
1509,005_100nodes_1swap_layers.json,RTS_PP.json,10
1510,005_100nodes_10swap_layers.json,RTS_PP.json,10
1511,002_100nodes_4swap_layers.json,RTS_PP.json,10
1512,009_40nodes_8swap_layers.json,RTS_PP.json,10
1513,007_40nodes_12swap_layers.json,RTS_PP.json,10
1514,006_100nodes_0swap_layers.json,RTS_PP.json,10
1515,006_70nodes_random3regular.json,FA_PP_opt.json,10
1516,006_30nodes_random3regular.json,FA_PP_opt.json,10
1517,001_30nodes_random3regular.json,FA_PP_opt.json,10
1518,005_30nodes_random3regular.json,FA_PP_opt.json,10
1519,003_70nodes_random3regular.json,FA_PP_opt.json,10
1520,004_70nodes_random3regular.json,FA_PP_opt.json,10
1521,007_30nodes_random3regular.json,FA_PP_opt.json,10
1522,004_30nodes_random3regular.json,FA_PP_opt.json,10
1523,008_30nodes_random3regular.json,FA_PP_opt.json,10
1524,007_70nodes_random3regular.json,FA_PP_opt.json,10
1525,008_70nodes_random3regular.json,FA_PP_opt.json,10
1526,009_30nodes_random3regular.json,FA_PP_opt.json,10
1527,009_70nodes_random3regular.json,FA_PP_opt.json,10
1528,005_70nodes_random3regular.json,FA_PP_opt.json,10
1529,002_30nodes_random3regular.json,FA_PP_opt.json,10
1530,002_70nodes_random3regular.json,FA_PP_opt.json,10
1531,001_70nodes_random3regular.json,FA_PP_opt.json,10
1532,000_70nodes_random3regular.json,FA_PP_opt.json,10
1533,000_30nodes_random3regular.json,FA_PP_opt.json,10
1534,003_30nodes_random3regular.json,FA_PP_opt.json,10
1535,003_40nodes_random4regular.json,F_PP.json,10
1536,004_40nodes_12swap_layers.json,F_PP.json,10
1537,006_70nodes_random3regular.json,F_PP.json,10
1538,006_30nodes_random3regular.json,F_PP.json,10
1539,008_40nodes_random4regular.json,F_PP.json,10
1540,005_30nodes_random3regular.json,F_PP.json,10
1541,003_70nodes_random3regular.json,F_PP.json,10
1542,000_40nodes_random4regular.json,F_PP.json,10
1543,001_30nodes_random3regular.json,F_PP.json,10
1544,008_40nodes_12swap_layers.json,F_PP.json,10
1545,004_40nodes_8swap_layers.json,F_PP.json,10
1546,001_40nodes_12swap_layers.json,F_PP.json,10
1547,001_40nodes_random4regular.json,F_PP.json,10
1548,007_40nodes_random4regular.json,F_PP.json,10
1549,004_70nodes_random3regular.json,F_PP.json,10
1550,003_40nodes_8swap_layers.json,F_PP.json,10
1551,005_40nodes_random4regular.json,F_PP.json,10
1552,006_40nodes_random4regular.json,F_PP.json,10
1553,007_30nodes_random3regular.json,F_PP.json,10
1554,004_30nodes_random3regular.json,F_PP.json,10
1555,009_40nodes_12swap_layers.json,F_PP.json,10
1556,000_60nodes_random4regular.json,F_PP.json,10
1557,008_30nodes_random3regular.json,F_PP.json,10
1558,007_70nodes_random3regular.json,F_PP.json,10
1559,008_70nodes_random3regular.json,F_PP.json,10
1560,002_60nodes_random4regular.json,F_PP.json,10
1561,009_30nodes_random3regular.json,F_PP.json,10
1562,009_70nodes_random3regular.json,F_PP.json,10
1563,007_60nodes_random4regular.json,F_PP.json,10
1564,005_70nodes_random3regular.json,F_PP.json,10
1565,006_40nodes_8swap_layers.json,F_PP.json,10
1566,004_60nodes_random4regular.json,F_PP.json,10
1567,002_30nodes_random3regular.json,F_PP.json,10
1568,009_40nodes_random4regular.json,F_PP.json,10
1569,002_40nodes_12swap_layers.json,F_PP.json,10
1570,007_40nodes_8swap_layers.json,F_PP.json,10
1571,003_40nodes_12swap_layers.json,F_PP.json,10
1572,008_60nodes_random4regular.json,F_PP.json,10
1573,002_70nodes_random3regular.json,F_PP.json,10
1574,005_40nodes_12swap_layers.json,F_PP.json,10
1575,005_40nodes_8swap_layers.json,F_PP.json,10
1576,006_40nodes_12swap_layers.json,F_PP.json,10
1577,001_70nodes_random3regular.json,F_PP.json,10
1578,004_40nodes_random4regular.json,F_PP.json,10
1579,006_60nodes_random4regular.json,F_PP.json,10
1580,009_60nodes_random4regular.json,F_PP.json,10
1581,000_70nodes_random3regular.json,F_PP.json,10
1582,003_60nodes_random4regular.json,F_PP.json,10
1583,008_40nodes_8swap_layers.json,F_PP.json,10
1584,001_60nodes_random4regular.json,F_PP.json,10
1585,005_60nodes_random4regular.json,F_PP.json,10
1586,002_40nodes_8swap_layers.json,F_PP.json,10
1587,000_30nodes_random3regular.json,F_PP.json,10
1588,003_30nodes_random3regular.json,F_PP.json,10
1589,000_40nodes_12swap_layers.json,F_PP.json,10
1590,002_40nodes_random4regular.json,F_PP.json,10
1591,001_40nodes_8swap_layers.json,F_PP.json,10
1592,009_40nodes_8swap_layers.json,F_PP.json,10
1593,007_40nodes_12swap_layers.json,F_PP.json,10
1594,003_40nodes_random4regular.json,I_PP.json,10
1595,004_40nodes_12swap_layers.json,I_PP.json,10
1596,008_40nodes_12swap_layers.json,I_PP.json,10
1597,006_30nodes_random3regular.json,I_PP.json,10
1598,001_30nodes_random3regular.json,I_PP.json,10
1599,005_30nodes_random3regular.json,I_PP.json,10
1600,000_40nodes_random4regular.json,I_PP.json,10
1601,003_70nodes_random3regular.json,I_PP.json,10
1602,006_70nodes_random3regular.json,I_PP.json,10
1603,008_40nodes_random4regular.json,I_PP.json,10
1604,004_40nodes_8swap_layers.json,I_PP.json,10
1605,001_40nodes_12swap_layers.json,I_PP.json,10
1606,001_40nodes_random4regular.json,I_PP.json,10
1607,007_40nodes_random4regular.json,I_PP.json,10
1608,004_70nodes_random3regular.json,I_PP.json,10
1609,003_40nodes_8swap_layers.json,I_PP.json,10
1610,006_40nodes_random4regular.json,I_PP.json,10
1611,005_40nodes_random4regular.json,I_PP.json,10
1612,007_30nodes_random3regular.json,I_PP.json,10
1613,004_30nodes_random3regular.json,I_PP.json,10
1614,009_40nodes_12swap_layers.json,I_PP.json,10
1615,000_60nodes_random4regular.json,I_PP.json,10
1616,008_30nodes_random3regular.json,I_PP.json,10
1617,007_70nodes_random3regular.json,I_PP.json,10
1618,002_60nodes_random4regular.json,I_PP.json,10
1619,008_70nodes_random3regular.json,I_PP.json,10
1620,009_30nodes_random3regular.json,I_PP.json,10
1621,009_70nodes_random3regular.json,I_PP.json,10
1622,007_60nodes_random4regular.json,I_PP.json,10
1623,005_70nodes_random3regular.json,I_PP.json,10
1624,006_40nodes_8swap_layers.json,I_PP.json,10
1625,004_60nodes_random4regular.json,I_PP.json,10
1626,002_30nodes_random3regular.json,I_PP.json,10
1627,009_40nodes_random4regular.json,I_PP.json,10
1628,002_40nodes_12swap_layers.json,I_PP.json,10
1629,007_40nodes_8swap_layers.json,I_PP.json,10
1630,003_40nodes_12swap_layers.json,I_PP.json,10
1631,008_60nodes_random4regular.json,I_PP.json,10
1632,002_70nodes_random3regular.json,I_PP.json,10
1633,005_40nodes_12swap_layers.json,I_PP.json,10
1634,005_40nodes_8swap_layers.json,I_PP.json,10
1635,001_70nodes_random3regular.json,I_PP.json,10
1636,006_40nodes_12swap_layers.json,I_PP.json,10
1637,004_40nodes_random4regular.json,I_PP.json,10
1638,006_60nodes_random4regular.json,I_PP.json,10
1639,009_60nodes_random4regular.json,I_PP.json,10
1640,000_70nodes_random3regular.json,I_PP.json,10
1641,003_60nodes_random4regular.json,I_PP.json,10
1642,008_40nodes_8swap_layers.json,I_PP.json,10
1643,001_60nodes_random4regular.json,I_PP.json,10
1644,005_60nodes_random4regular.json,I_PP.json,10
1645,003_30nodes_random3regular.json,I_PP.json,10
1646,000_30nodes_random3regular.json,I_PP.json,10
1647,002_40nodes_8swap_layers.json,I_PP.json,10
1648,000_40nodes_12swap_layers.json,I_PP.json,10
1649,002_40nodes_random4regular.json,I_PP.json,10
1650,001_40nodes_8swap_layers.json,I_PP.json,10
1651,009_40nodes_8swap_layers.json,I_PP.json,10
1652,007_40nodes_12swap_layers.json,I_PP.json,10
1653,003_40nodes_random4regular.json,TQA_PP_opt.json,10
1654,004_40nodes_12swap_layers.json,TQA_PP_opt.json,10
1655,006_70nodes_random3regular.json,TQA_PP_opt.json,10
1656,006_30nodes_random3regular.json,TQA_PP_opt.json,10
1657,008_40nodes_random4regular.json,TQA_PP_opt.json,10
1658,003_70nodes_random3regular.json,TQA_PP_opt.json,10
1659,000_40nodes_random4regular.json,TQA_PP_opt.json,10
1660,005_30nodes_random3regular.json,TQA_PP_opt.json,10
1661,001_30nodes_random3regular.json,TQA_PP_opt.json,10
1662,008_40nodes_12swap_layers.json,TQA_PP_opt.json,10
1663,004_40nodes_8swap_layers.json,TQA_PP_opt.json,10
1664,001_40nodes_12swap_layers.json,TQA_PP_opt.json,10
1665,001_40nodes_random4regular.json,TQA_PP_opt.json,10
1666,007_40nodes_random4regular.json,TQA_PP_opt.json,10
1667,004_70nodes_random3regular.json,TQA_PP_opt.json,10
1668,003_40nodes_8swap_layers.json,TQA_PP_opt.json,10
1669,005_40nodes_random4regular.json,TQA_PP_opt.json,10
1670,006_40nodes_random4regular.json,TQA_PP_opt.json,10
1671,007_30nodes_random3regular.json,TQA_PP_opt.json,10
1672,004_30nodes_random3regular.json,TQA_PP_opt.json,10
1673,009_40nodes_12swap_layers.json,TQA_PP_opt.json,10
1674,000_60nodes_random4regular.json,TQA_PP_opt.json,10
1675,008_30nodes_random3regular.json,TQA_PP_opt.json,10
1676,007_70nodes_random3regular.json,TQA_PP_opt.json,10
1677,002_60nodes_random4regular.json,TQA_PP_opt.json,10
1678,008_70nodes_random3regular.json,TQA_PP_opt.json,10
1679,009_30nodes_random3regular.json,TQA_PP_opt.json,10
1680,009_70nodes_random3regular.json,TQA_PP_opt.json,10
1681,007_60nodes_random4regular.json,TQA_PP_opt.json,10
1682,005_70nodes_random3regular.json,TQA_PP_opt.json,10
1683,004_60nodes_random4regular.json,TQA_PP_opt.json,10
1684,006_40nodes_8swap_layers.json,TQA_PP_opt.json,10
1685,002_30nodes_random3regular.json,TQA_PP_opt.json,10
1686,009_40nodes_random4regular.json,TQA_PP_opt.json,10
1687,002_40nodes_12swap_layers.json,TQA_PP_opt.json,10
1688,007_40nodes_8swap_layers.json,TQA_PP_opt.json,10
1689,003_40nodes_12swap_layers.json,TQA_PP_opt.json,10
1690,008_60nodes_random4regular.json,TQA_PP_opt.json,10
1691,002_70nodes_random3regular.json,TQA_PP_opt.json,10
1692,005_40nodes_12swap_layers.json,TQA_PP_opt.json,10
1693,005_40nodes_8swap_layers.json,TQA_PP_opt.json,10
1694,006_40nodes_12swap_layers.json,TQA_PP_opt.json,10
1695,001_70nodes_random3regular.json,TQA_PP_opt.json,10
1696,004_40nodes_random4regular.json,TQA_PP_opt.json,10
1697,006_60nodes_random4regular.json,TQA_PP_opt.json,10
1698,009_60nodes_random4regular.json,TQA_PP_opt.json,10
1699,000_70nodes_random3regular.json,TQA_PP_opt.json,10
1700,003_60nodes_random4regular.json,TQA_PP_opt.json,10
1701,008_40nodes_8swap_layers.json,TQA_PP_opt.json,10
1702,001_60nodes_random4regular.json,TQA_PP_opt.json,10
1703,005_60nodes_random4regular.json,TQA_PP_opt.json,10
1704,000_30nodes_random3regular.json,TQA_PP_opt.json,10
1705,002_40nodes_8swap_layers.json,TQA_PP_opt.json,10
1706,003_30nodes_random3regular.json,TQA_PP_opt.json,10
1707,000_40nodes_12swap_layers.json,TQA_PP_opt.json,10
1708,002_40nodes_random4regular.json,TQA_PP_opt.json,10
1709,001_40nodes_8swap_layers.json,TQA_PP_opt.json,10
1710,009_40nodes_8swap_layers.json,TQA_PP_opt.json,10
1711,007_40nodes_12swap_layers.json,TQA_PP_opt.json,10
